[
  {
    "model": "admin.logentry",
    "pk": 1,
    "fields": {
      "action_time": "2021-04-22T16:09:27.326Z",
      "user": 1,
      "content_type": 4,
      "object_id": "1",
      "object_repr": "tanushree7252@gmail.com",
      "action_flag": 2,
      "change_message": "[{\"changed\": {\"fields\": [\"Username\", \"First name\", \"Last name\"]}}]"
    }
  },
  {
    "model": "admin.logentry",
    "pk": 2,
    "fields": {
      "action_time": "2021-04-22T16:28:11.424Z",
      "user": 1,
      "content_type": 8,
      "object_id": "1",
      "object_repr": "Women-Clothing",
      "action_flag": 1,
      "change_message": "[{\"added\": {}}]"
    }
  },
  {
    "model": "admin.logentry",
    "pk": 3,
    "fields": {
      "action_time": "2021-04-22T16:28:22.011Z",
      "user": 1,
      "content_type": 8,
      "object_id": "2",
      "object_repr": "Men-Clothing",
      "action_flag": 1,
      "change_message": "[{\"added\": {}}]"
    }
  },
  {
    "model": "admin.logentry",
    "pk": 4,
    "fields": {
      "action_time": "2021-04-22T16:29:17.661Z",
      "user": 1,
      "content_type": 8,
      "object_id": "3",
      "object_repr": "Health & Personal Care",
      "action_flag": 1,
      "change_message": "[{\"added\": {}}]"
    }
  },
  {
    "model": "admin.logentry",
    "pk": 5,
    "fields": {
      "action_time": "2021-04-22T16:29:29.625Z",
      "user": 1,
      "content_type": 8,
      "object_id": "4",
      "object_repr": "Shoes & Handbags",
      "action_flag": 1,
      "change_message": "[{\"added\": {}}]"
    }
  },
  {
    "model": "admin.logentry",
    "pk": 6,
    "fields": {
      "action_time": "2021-04-22T16:29:38.504Z",
      "user": 1,
      "content_type": 8,
      "object_id": "5",
      "object_repr": "Toys & Games",
      "action_flag": 1,
      "change_message": "[{\"added\": {}}]"
    }
  },
  {
    "model": "admin.logentry",
    "pk": 7,
    "fields": {
      "action_time": "2021-04-22T16:30:01.136Z",
      "user": 1,
      "content_type": 8,
      "object_id": "6",
      "object_repr": "Books",
      "action_flag": 1,
      "change_message": "[{\"added\": {}}]"
    }
  },
  {
    "model": "admin.logentry",
    "pk": 8,
    "fields": {
      "action_time": "2021-04-22T16:30:08.364Z",
      "user": 1,
      "content_type": 8,
      "object_id": "7",
      "object_repr": "Electronics",
      "action_flag": 1,
      "change_message": "[{\"added\": {}}]"
    }
  },
  {
    "model": "admin.logentry",
    "pk": 9,
    "fields": {
      "action_time": "2021-04-22T16:30:49.239Z",
      "user": 1,
      "content_type": 8,
      "object_id": "8",
      "object_repr": "Home & Kitchen",
      "action_flag": 1,
      "change_message": "[{\"added\": {}}]"
    }
  },
  {
    "model": "admin.logentry",
    "pk": 10,
    "fields": {
      "action_time": "2021-04-22T16:31:12.901Z",
      "user": 1,
      "content_type": 8,
      "object_id": "6",
      "object_repr": "Home & Kitchen",
      "action_flag": 2,
      "change_message": "[{\"changed\": {\"fields\": [\"Name\"]}}]"
    }
  },
  {
    "model": "admin.logentry",
    "pk": 11,
    "fields": {
      "action_time": "2021-04-22T16:36:01.325Z",
      "user": 1,
      "content_type": 8,
      "object_id": "8",
      "object_repr": "Accessories",
      "action_flag": 2,
      "change_message": "[{\"changed\": {\"fields\": [\"Name\"]}}]"
    }
  },
  {
    "model": "admin.logentry",
    "pk": 12,
    "fields": {
      "action_time": "2021-04-22T16:37:02.567Z",
      "user": 1,
      "content_type": 8,
      "object_id": "7",
      "object_repr": "Accessories",
      "action_flag": 2,
      "change_message": "[{\"changed\": {\"fields\": [\"Name\"]}}]"
    }
  },
  {
    "model": "admin.logentry",
    "pk": 13,
    "fields": {
      "action_time": "2021-04-22T16:37:18.722Z",
      "user": 1,
      "content_type": 8,
      "object_id": "8",
      "object_repr": "Electronics",
      "action_flag": 2,
      "change_message": "[{\"changed\": {\"fields\": [\"Name\"]}}]"
    }
  },
  {
    "model": "admin.logentry",
    "pk": 14,
    "fields": {
      "action_time": "2021-04-22T16:37:31.333Z",
      "user": 1,
      "content_type": 8,
      "object_id": "9",
      "object_repr": "Beauty",
      "action_flag": 1,
      "change_message": "[{\"added\": {}}]"
    }
  },
  {
    "model": "admin.logentry",
    "pk": 15,
    "fields": {
      "action_time": "2021-04-22T16:38:11.885Z",
      "user": 1,
      "content_type": 8,
      "object_id": "10",
      "object_repr": "Books",
      "action_flag": 1,
      "change_message": "[{\"added\": {}}]"
    }
  },
  {
    "model": "admin.logentry",
    "pk": 16,
    "fields": {
      "action_time": "2021-04-22T16:38:33.024Z",
      "user": 1,
      "content_type": 8,
      "object_id": "3",
      "object_repr": "Kids-Clothing",
      "action_flag": 2,
      "change_message": "[{\"changed\": {\"fields\": [\"Name\"]}}]"
    }
  },
  {
    "model": "admin.logentry",
    "pk": 17,
    "fields": {
      "action_time": "2021-04-22T16:39:36.816Z",
      "user": 1,
      "content_type": 8,
      "object_id": "11",
      "object_repr": "Watches",
      "action_flag": 1,
      "change_message": "[{\"added\": {}}]"
    }
  },
  {
    "model": "admin.logentry",
    "pk": 18,
    "fields": {
      "action_time": "2021-04-22T16:39:48.365Z",
      "user": 1,
      "content_type": 8,
      "object_id": "12",
      "object_repr": "Health & Personal Care",
      "action_flag": 1,
      "change_message": "[{\"added\": {}}]"
    }
  },
  {
    "model": "admin.logentry",
    "pk": 19,
    "fields": {
      "action_time": "2021-04-22T16:46:11.243Z",
      "user": 1,
      "content_type": 7,
      "object_id": "1",
      "object_repr": "Products object (1)",
      "action_flag": 1,
      "change_message": "[{\"added\": {}}]"
    }
  },
  {
    "model": "admin.logentry",
    "pk": 20,
    "fields": {
      "action_time": "2021-04-22T16:46:37.588Z",
      "user": 1,
      "content_type": 7,
      "object_id": "1",
      "object_repr": "Products object (1)",
      "action_flag": 2,
      "change_message": "[{\"changed\": {\"fields\": [\"Image\"]}}]"
    }
  },
  {
    "model": "admin.logentry",
    "pk": 21,
    "fields": {
      "action_time": "2021-04-22T16:51:03.460Z",
      "user": 1,
      "content_type": 7,
      "object_id": "2",
      "object_repr": "Products object (2)",
      "action_flag": 1,
      "change_message": "[{\"added\": {}}]"
    }
  },
  {
    "model": "admin.logentry",
    "pk": 22,
    "fields": {
      "action_time": "2021-04-22T16:57:50.065Z",
      "user": 1,
      "content_type": 7,
      "object_id": "1",
      "object_repr": "Products object (1)",
      "action_flag": 2,
      "change_message": "[{\"changed\": {\"fields\": [\"Name\", \"Price\", \"Category\", \"Image\"]}}]"
    }
  },
  {
    "model": "admin.logentry",
    "pk": 23,
    "fields": {
      "action_time": "2021-04-22T16:58:31.329Z",
      "user": 1,
      "content_type": 7,
      "object_id": "1",
      "object_repr": "Products object (1)",
      "action_flag": 2,
      "change_message": "[{\"changed\": {\"fields\": [\"Image\"]}}]"
    }
  },
  {
    "model": "admin.logentry",
    "pk": 24,
    "fields": {
      "action_time": "2021-04-22T17:00:02.654Z",
      "user": 1,
      "content_type": 7,
      "object_id": "3",
      "object_repr": "Products object (3)",
      "action_flag": 1,
      "change_message": "[{\"added\": {}}]"
    }
  },
  {
    "model": "admin.logentry",
    "pk": 25,
    "fields": {
      "action_time": "2021-04-22T17:00:49.118Z",
      "user": 1,
      "content_type": 7,
      "object_id": "3",
      "object_repr": "Products object (3)",
      "action_flag": 2,
      "change_message": "[{\"changed\": {\"fields\": [\"Image\"]}}]"
    }
  },
  {
    "model": "admin.logentry",
    "pk": 26,
    "fields": {
      "action_time": "2021-04-22T17:04:13.907Z",
      "user": 1,
      "content_type": 7,
      "object_id": "4",
      "object_repr": "Products object (4)",
      "action_flag": 1,
      "change_message": "[{\"added\": {}}]"
    }
  },
  {
    "model": "admin.logentry",
    "pk": 27,
    "fields": {
      "action_time": "2021-04-22T17:05:12.162Z",
      "user": 1,
      "content_type": 7,
      "object_id": "5",
      "object_repr": "Products object (5)",
      "action_flag": 1,
      "change_message": "[{\"added\": {}}]"
    }
  },
  {
    "model": "admin.logentry",
    "pk": 28,
    "fields": {
      "action_time": "2021-04-22T17:06:22.493Z",
      "user": 1,
      "content_type": 7,
      "object_id": "6",
      "object_repr": "Products object (6)",
      "action_flag": 1,
      "change_message": "[{\"added\": {}}]"
    }
  },
  {
    "model": "admin.logentry",
    "pk": 29,
    "fields": {
      "action_time": "2021-04-22T17:10:03.376Z",
      "user": 1,
      "content_type": 7,
      "object_id": "7",
      "object_repr": "Products object (7)",
      "action_flag": 1,
      "change_message": "[{\"added\": {}}]"
    }
  },
  {
    "model": "admin.logentry",
    "pk": 30,
    "fields": {
      "action_time": "2021-04-22T17:10:18.970Z",
      "user": 1,
      "content_type": 7,
      "object_id": "7",
      "object_repr": "Products object (7)",
      "action_flag": 2,
      "change_message": "[{\"changed\": {\"fields\": [\"Price\"]}}]"
    }
  },
  {
    "model": "admin.logentry",
    "pk": 31,
    "fields": {
      "action_time": "2021-04-22T17:10:37.172Z",
      "user": 1,
      "content_type": 7,
      "object_id": "7",
      "object_repr": "Products object (7)",
      "action_flag": 2,
      "change_message": "[{\"changed\": {\"fields\": [\"Category\"]}}]"
    }
  },
  {
    "model": "admin.logentry",
    "pk": 32,
    "fields": {
      "action_time": "2021-04-22T17:17:34.413Z",
      "user": 1,
      "content_type": 7,
      "object_id": "8",
      "object_repr": "Products object (8)",
      "action_flag": 1,
      "change_message": "[{\"added\": {}}]"
    }
  },
  {
    "model": "admin.logentry",
    "pk": 33,
    "fields": {
      "action_time": "2021-04-22T17:19:26.576Z",
      "user": 1,
      "content_type": 7,
      "object_id": "8",
      "object_repr": "Products object (8)",
      "action_flag": 2,
      "change_message": "[{\"changed\": {\"fields\": [\"Name\", \"Price\", \"Category\", \"Image\"]}}]"
    }
  },
  {
    "model": "admin.logentry",
    "pk": 34,
    "fields": {
      "action_time": "2021-04-22T17:25:52.598Z",
      "user": 1,
      "content_type": 7,
      "object_id": "9",
      "object_repr": "Products object (9)",
      "action_flag": 1,
      "change_message": "[{\"added\": {}}]"
    }
  },
  {
    "model": "admin.logentry",
    "pk": 35,
    "fields": {
      "action_time": "2021-04-22T17:26:29.150Z",
      "user": 1,
      "content_type": 7,
      "object_id": "9",
      "object_repr": "Products object (9)",
      "action_flag": 2,
      "change_message": "[{\"changed\": {\"fields\": [\"Price\"]}}]"
    }
  },
  {
    "model": "admin.logentry",
    "pk": 36,
    "fields": {
      "action_time": "2021-04-22T17:29:12.219Z",
      "user": 1,
      "content_type": 7,
      "object_id": "10",
      "object_repr": "Products object (10)",
      "action_flag": 1,
      "change_message": "[{\"added\": {}}]"
    }
  },
  {
    "model": "admin.logentry",
    "pk": 37,
    "fields": {
      "action_time": "2021-04-22T17:29:47.751Z",
      "user": 1,
      "content_type": 7,
      "object_id": "10",
      "object_repr": "Products object (10)",
      "action_flag": 2,
      "change_message": "[{\"changed\": {\"fields\": [\"Price\"]}}]"
    }
  },
  {
    "model": "admin.logentry",
    "pk": 38,
    "fields": {
      "action_time": "2021-04-22T17:31:27.916Z",
      "user": 1,
      "content_type": 7,
      "object_id": "1",
      "object_repr": "Products object (1)",
      "action_flag": 2,
      "change_message": "[{\"changed\": {\"fields\": [\"Name\", \"Price\", \"Image\"]}}]"
    }
  },
  {
    "model": "admin.logentry",
    "pk": 39,
    "fields": {
      "action_time": "2021-04-22T17:33:47.641Z",
      "user": 1,
      "content_type": 7,
      "object_id": "1",
      "object_repr": "Products object (1)",
      "action_flag": 2,
      "change_message": "[{\"changed\": {\"fields\": [\"Name\", \"Price\", \"Category\", \"Image\"]}}]"
    }
  },
  {
    "model": "admin.logentry",
    "pk": 40,
    "fields": {
      "action_time": "2021-04-22T17:34:32.819Z",
      "user": 1,
      "content_type": 7,
      "object_id": "11",
      "object_repr": "Products object (11)",
      "action_flag": 1,
      "change_message": "[{\"added\": {}}]"
    }
  },
  {
    "model": "admin.logentry",
    "pk": 41,
    "fields": {
      "action_time": "2021-04-22T17:35:06.596Z",
      "user": 1,
      "content_type": 7,
      "object_id": "12",
      "object_repr": "Products object (12)",
      "action_flag": 1,
      "change_message": "[{\"added\": {}}]"
    }
  },
  {
    "model": "admin.logentry",
    "pk": 42,
    "fields": {
      "action_time": "2021-04-22T17:35:42.426Z",
      "user": 1,
      "content_type": 7,
      "object_id": "13",
      "object_repr": "Products object (13)",
      "action_flag": 1,
      "change_message": "[{\"added\": {}}]"
    }
  },
  {
    "model": "admin.logentry",
    "pk": 43,
    "fields": {
      "action_time": "2021-04-22T17:36:18.030Z",
      "user": 1,
      "content_type": 7,
      "object_id": "14",
      "object_repr": "Products object (14)",
      "action_flag": 1,
      "change_message": "[{\"added\": {}}]"
    }
  },
  {
    "model": "admin.logentry",
    "pk": 44,
    "fields": {
      "action_time": "2021-04-22T17:36:53.055Z",
      "user": 1,
      "content_type": 7,
      "object_id": "15",
      "object_repr": "Products object (15)",
      "action_flag": 1,
      "change_message": "[{\"added\": {}}]"
    }
  },
  {
    "model": "admin.logentry",
    "pk": 45,
    "fields": {
      "action_time": "2021-04-22T17:37:32.539Z",
      "user": 1,
      "content_type": 7,
      "object_id": "16",
      "object_repr": "Products object (16)",
      "action_flag": 1,
      "change_message": "[{\"added\": {}}]"
    }
  },
  {
    "model": "admin.logentry",
    "pk": 46,
    "fields": {
      "action_time": "2021-04-22T17:38:47.736Z",
      "user": 1,
      "content_type": 7,
      "object_id": "17",
      "object_repr": "Products object (17)",
      "action_flag": 1,
      "change_message": "[{\"added\": {}}]"
    }
  },
  {
    "model": "admin.logentry",
    "pk": 47,
    "fields": {
      "action_time": "2021-04-22T17:38:57.719Z",
      "user": 1,
      "content_type": 7,
      "object_id": "17",
      "object_repr": "Products object (17)",
      "action_flag": 2,
      "change_message": "[{\"changed\": {\"fields\": [\"Price\"]}}]"
    }
  },
  {
    "model": "admin.logentry",
    "pk": 48,
    "fields": {
      "action_time": "2021-04-22T17:40:50.407Z",
      "user": 1,
      "content_type": 7,
      "object_id": "18",
      "object_repr": "Products object (18)",
      "action_flag": 1,
      "change_message": "[{\"added\": {}}]"
    }
  },
  {
    "model": "admin.logentry",
    "pk": 49,
    "fields": {
      "action_time": "2021-04-22T17:41:33.303Z",
      "user": 1,
      "content_type": 7,
      "object_id": "19",
      "object_repr": "Products object (19)",
      "action_flag": 1,
      "change_message": "[{\"added\": {}}]"
    }
  },
  {
    "model": "admin.logentry",
    "pk": 50,
    "fields": {
      "action_time": "2021-04-22T17:41:52.687Z",
      "user": 1,
      "content_type": 7,
      "object_id": "19",
      "object_repr": "Products object (19)",
      "action_flag": 2,
      "change_message": "[{\"changed\": {\"fields\": [\"Category\"]}}]"
    }
  },
  {
    "model": "admin.logentry",
    "pk": 51,
    "fields": {
      "action_time": "2021-04-22T17:42:50.151Z",
      "user": 1,
      "content_type": 7,
      "object_id": "20",
      "object_repr": "Products object (20)",
      "action_flag": 1,
      "change_message": "[{\"added\": {}}]"
    }
  },
  {
    "model": "admin.logentry",
    "pk": 52,
    "fields": {
      "action_time": "2021-04-22T17:44:38.479Z",
      "user": 1,
      "content_type": 7,
      "object_id": "2",
      "object_repr": "Products object (2)",
      "action_flag": 2,
      "change_message": "[{\"changed\": {\"fields\": [\"Name\", \"Image\"]}}]"
    }
  },
  {
    "model": "admin.logentry",
    "pk": 53,
    "fields": {
      "action_time": "2021-04-22T17:46:03.086Z",
      "user": 1,
      "content_type": 7,
      "object_id": "1",
      "object_repr": "Products object (1)",
      "action_flag": 2,
      "change_message": "[{\"changed\": {\"fields\": [\"Name\", \"Category\", \"Image\"]}}]"
    }
  },
  {
    "model": "admin.logentry",
    "pk": 54,
    "fields": {
      "action_time": "2021-04-22T17:47:51.139Z",
      "user": 1,
      "content_type": 7,
      "object_id": "21",
      "object_repr": "Products object (21)",
      "action_flag": 1,
      "change_message": "[{\"added\": {}}]"
    }
  },
  {
    "model": "admin.logentry",
    "pk": 55,
    "fields": {
      "action_time": "2021-04-22T17:49:09.702Z",
      "user": 1,
      "content_type": 7,
      "object_id": "22",
      "object_repr": "Products object (22)",
      "action_flag": 1,
      "change_message": "[{\"added\": {}}]"
    }
  },
  {
    "model": "admin.logentry",
    "pk": 56,
    "fields": {
      "action_time": "2021-04-22T17:49:40.480Z",
      "user": 1,
      "content_type": 7,
      "object_id": "23",
      "object_repr": "Products object (23)",
      "action_flag": 1,
      "change_message": "[{\"added\": {}}]"
    }
  },
  {
    "model": "admin.logentry",
    "pk": 57,
    "fields": {
      "action_time": "2021-04-22T17:52:44.497Z",
      "user": 1,
      "content_type": 7,
      "object_id": "24",
      "object_repr": "Products object (24)",
      "action_flag": 1,
      "change_message": "[{\"added\": {}}]"
    }
  },
  {
    "model": "admin.logentry",
    "pk": 58,
    "fields": {
      "action_time": "2021-04-22T17:53:01.461Z",
      "user": 1,
      "content_type": 7,
      "object_id": "24",
      "object_repr": "Products object (24)",
      "action_flag": 2,
      "change_message": "[{\"changed\": {\"fields\": [\"Name\"]}}]"
    }
  },
  {
    "model": "admin.logentry",
    "pk": 59,
    "fields": {
      "action_time": "2021-04-22T17:53:36.972Z",
      "user": 1,
      "content_type": 7,
      "object_id": "25",
      "object_repr": "Products object (25)",
      "action_flag": 1,
      "change_message": "[{\"added\": {}}]"
    }
  },
  {
    "model": "admin.logentry",
    "pk": 60,
    "fields": {
      "action_time": "2021-04-22T17:54:00.156Z",
      "user": 1,
      "content_type": 7,
      "object_id": "26",
      "object_repr": "Products object (26)",
      "action_flag": 1,
      "change_message": "[{\"added\": {}}]"
    }
  },
  {
    "model": "admin.logentry",
    "pk": 61,
    "fields": {
      "action_time": "2021-04-22T17:55:46.408Z",
      "user": 1,
      "content_type": 7,
      "object_id": "27",
      "object_repr": "Products object (27)",
      "action_flag": 1,
      "change_message": "[{\"added\": {}}]"
    }
  },
  {
    "model": "admin.logentry",
    "pk": 62,
    "fields": {
      "action_time": "2021-04-22T17:56:27.320Z",
      "user": 1,
      "content_type": 7,
      "object_id": "28",
      "object_repr": "Products object (28)",
      "action_flag": 1,
      "change_message": "[{\"added\": {}}]"
    }
  },
  {
    "model": "admin.logentry",
    "pk": 63,
    "fields": {
      "action_time": "2021-04-22T17:56:58.700Z",
      "user": 1,
      "content_type": 7,
      "object_id": "29",
      "object_repr": "Products object (29)",
      "action_flag": 1,
      "change_message": "[{\"added\": {}}]"
    }
  },
  {
    "model": "admin.logentry",
    "pk": 64,
    "fields": {
      "action_time": "2021-04-22T17:58:03.733Z",
      "user": 1,
      "content_type": 7,
      "object_id": "30",
      "object_repr": "Products object (30)",
      "action_flag": 1,
      "change_message": "[{\"added\": {}}]"
    }
  },
  {
    "model": "admin.logentry",
    "pk": 65,
    "fields": {
      "action_time": "2021-04-22T17:58:47.561Z",
      "user": 1,
      "content_type": 7,
      "object_id": "31",
      "object_repr": "Products object (31)",
      "action_flag": 1,
      "change_message": "[{\"added\": {}}]"
    }
  },
  {
    "model": "admin.logentry",
    "pk": 66,
    "fields": {
      "action_time": "2021-04-22T17:59:32.728Z",
      "user": 1,
      "content_type": 7,
      "object_id": "32",
      "object_repr": "Products object (32)",
      "action_flag": 1,
      "change_message": "[{\"added\": {}}]"
    }
  },
  {
    "model": "admin.logentry",
    "pk": 67,
    "fields": {
      "action_time": "2021-04-22T18:00:21.863Z",
      "user": 1,
      "content_type": 7,
      "object_id": "33",
      "object_repr": "Products object (33)",
      "action_flag": 1,
      "change_message": "[{\"added\": {}}]"
    }
  },
  {
    "model": "admin.logentry",
    "pk": 68,
    "fields": {
      "action_time": "2021-04-22T18:01:39.808Z",
      "user": 1,
      "content_type": 7,
      "object_id": "34",
      "object_repr": "Products object (34)",
      "action_flag": 1,
      "change_message": "[{\"added\": {}}]"
    }
  },
  {
    "model": "admin.logentry",
    "pk": 69,
    "fields": {
      "action_time": "2021-04-22T18:03:02.329Z",
      "user": 1,
      "content_type": 7,
      "object_id": "35",
      "object_repr": "Products object (35)",
      "action_flag": 1,
      "change_message": "[{\"added\": {}}]"
    }
  },
  {
    "model": "admin.logentry",
    "pk": 70,
    "fields": {
      "action_time": "2021-04-22T18:04:03.628Z",
      "user": 1,
      "content_type": 7,
      "object_id": "36",
      "object_repr": "Products object (36)",
      "action_flag": 1,
      "change_message": "[{\"added\": {}}]"
    }
  },
  {
    "model": "admin.logentry",
    "pk": 71,
    "fields": {
      "action_time": "2021-04-22T18:04:18.680Z",
      "user": 1,
      "content_type": 7,
      "object_id": "35",
      "object_repr": "Products object (35)",
      "action_flag": 2,
      "change_message": "[{\"changed\": {\"fields\": [\"Price\"]}}]"
    }
  },
  {
    "model": "admin.logentry",
    "pk": 72,
    "fields": {
      "action_time": "2021-04-22T18:05:14.002Z",
      "user": 1,
      "content_type": 7,
      "object_id": "36",
      "object_repr": "Products object (36)",
      "action_flag": 2,
      "change_message": "[{\"changed\": {\"fields\": [\"Image\"]}}]"
    }
  },
  {
    "model": "admin.logentry",
    "pk": 73,
    "fields": {
      "action_time": "2021-04-22T18:07:06.563Z",
      "user": 1,
      "content_type": 7,
      "object_id": "37",
      "object_repr": "Products object (37)",
      "action_flag": 1,
      "change_message": "[{\"added\": {}}]"
    }
  },
  {
    "model": "admin.logentry",
    "pk": 74,
    "fields": {
      "action_time": "2021-04-22T18:07:25.262Z",
      "user": 1,
      "content_type": 7,
      "object_id": "37",
      "object_repr": "Products object (37)",
      "action_flag": 2,
      "change_message": "[{\"changed\": {\"fields\": [\"Price\", \"Category\"]}}]"
    }
  },
  {
    "model": "admin.logentry",
    "pk": 75,
    "fields": {
      "action_time": "2021-04-22T18:09:15.810Z",
      "user": 1,
      "content_type": 7,
      "object_id": "38",
      "object_repr": "Products object (38)",
      "action_flag": 1,
      "change_message": "[{\"added\": {}}]"
    }
  },
  {
    "model": "admin.logentry",
    "pk": 76,
    "fields": {
      "action_time": "2021-04-22T18:09:38.964Z",
      "user": 1,
      "content_type": 7,
      "object_id": "39",
      "object_repr": "Products object (39)",
      "action_flag": 1,
      "change_message": "[{\"added\": {}}]"
    }
  },
  {
    "model": "admin.logentry",
    "pk": 77,
    "fields": {
      "action_time": "2021-04-22T18:12:11.432Z",
      "user": 1,
      "content_type": 7,
      "object_id": "40",
      "object_repr": "Products object (40)",
      "action_flag": 1,
      "change_message": "[{\"added\": {}}]"
    }
  },
  {
    "model": "admin.logentry",
    "pk": 78,
    "fields": {
      "action_time": "2021-04-22T18:13:03.088Z",
      "user": 1,
      "content_type": 7,
      "object_id": "41",
      "object_repr": "Products object (41)",
      "action_flag": 1,
      "change_message": "[{\"added\": {}}]"
    }
  },
  {
    "model": "admin.logentry",
    "pk": 79,
    "fields": {
      "action_time": "2021-04-22T18:14:12.723Z",
      "user": 1,
      "content_type": 7,
      "object_id": "42",
      "object_repr": "Products object (42)",
      "action_flag": 1,
      "change_message": "[{\"added\": {}}]"
    }
  },
  {
    "model": "admin.logentry",
    "pk": 80,
    "fields": {
      "action_time": "2021-04-22T18:15:04.279Z",
      "user": 1,
      "content_type": 7,
      "object_id": "43",
      "object_repr": "Products object (43)",
      "action_flag": 1,
      "change_message": "[{\"added\": {}}]"
    }
  },
  {
    "model": "admin.logentry",
    "pk": 81,
    "fields": {
      "action_time": "2021-04-22T18:17:24.749Z",
      "user": 1,
      "content_type": 7,
      "object_id": "44",
      "object_repr": "Products object (44)",
      "action_flag": 1,
      "change_message": "[{\"added\": {}}]"
    }
  },
  {
    "model": "admin.logentry",
    "pk": 82,
    "fields": {
      "action_time": "2021-04-22T18:18:45.172Z",
      "user": 1,
      "content_type": 7,
      "object_id": "45",
      "object_repr": "Products object (45)",
      "action_flag": 1,
      "change_message": "[{\"added\": {}}]"
    }
  },
  {
    "model": "admin.logentry",
    "pk": 83,
    "fields": {
      "action_time": "2021-04-22T18:19:10.872Z",
      "user": 1,
      "content_type": 7,
      "object_id": "46",
      "object_repr": "Products object (46)",
      "action_flag": 1,
      "change_message": "[{\"added\": {}}]"
    }
  },
  {
    "model": "admin.logentry",
    "pk": 84,
    "fields": {
      "action_time": "2021-04-22T18:19:39.966Z",
      "user": 1,
      "content_type": 7,
      "object_id": "47",
      "object_repr": "Products object (47)",
      "action_flag": 1,
      "change_message": "[{\"added\": {}}]"
    }
  },
  {
    "model": "admin.logentry",
    "pk": 85,
    "fields": {
      "action_time": "2021-04-22T18:20:09.021Z",
      "user": 1,
      "content_type": 7,
      "object_id": "48",
      "object_repr": "Products object (48)",
      "action_flag": 1,
      "change_message": "[{\"added\": {}}]"
    }
  },
  {
    "model": "admin.logentry",
    "pk": 86,
    "fields": {
      "action_time": "2021-04-22T18:38:18.151Z",
      "user": 1,
      "content_type": 9,
      "object_id": "1",
      "object_repr": "Customer object (1)",
      "action_flag": 1,
      "change_message": "[{\"added\": {}}]"
    }
  },
  {
    "model": "admin.logentry",
    "pk": 87,
    "fields": {
      "action_time": "2021-04-23T12:14:50.465Z",
      "user": 1,
      "content_type": 7,
      "object_id": "41",
      "object_repr": "Products object (41)",
      "action_flag": 2,
      "change_message": "[{\"changed\": {\"fields\": [\"Price\"]}}]"
    }
  },
  {
    "model": "admin.logentry",
    "pk": 88,
    "fields": {
      "action_time": "2021-04-23T12:15:01.180Z",
      "user": 1,
      "content_type": 7,
      "object_id": "47",
      "object_repr": "Products object (47)",
      "action_flag": 2,
      "change_message": "[{\"changed\": {\"fields\": [\"Price\"]}}]"
    }
  },
  {
    "model": "admin.logentry",
    "pk": 89,
    "fields": {
      "action_time": "2021-04-23T12:15:09.086Z",
      "user": 1,
      "content_type": 7,
      "object_id": "46",
      "object_repr": "Products object (46)",
      "action_flag": 2,
      "change_message": "[{\"changed\": {\"fields\": [\"Price\"]}}]"
    }
  },
  {
    "model": "admin.logentry",
    "pk": 90,
    "fields": {
      "action_time": "2021-04-23T12:15:27.115Z",
      "user": 1,
      "content_type": 7,
      "object_id": "36",
      "object_repr": "Products object (36)",
      "action_flag": 2,
      "change_message": "[{\"changed\": {\"fields\": [\"Price\"]}}]"
    }
  },
  {
    "model": "admin.logentry",
    "pk": 91,
    "fields": {
      "action_time": "2021-04-23T12:16:12.979Z",
      "user": 1,
      "content_type": 7,
      "object_id": "27",
      "object_repr": "Products object (27)",
      "action_flag": 2,
      "change_message": "[{\"changed\": {\"fields\": [\"Price\"]}}]"
    }
  },
  {
    "model": "admin.logentry",
    "pk": 92,
    "fields": {
      "action_time": "2021-04-23T13:37:59.575Z",
      "user": 1,
      "content_type": 9,
      "object_id": "1",
      "object_repr": "Customer object (1)",
      "action_flag": 2,
      "change_message": "[]"
    }
  },
  {
    "model": "admin.logentry",
    "pk": 93,
    "fields": {
      "action_time": "2021-04-23T13:50:38.068Z",
      "user": 1,
      "content_type": 10,
      "object_id": "1",
      "object_repr": "Order object (1)",
      "action_flag": 1,
      "change_message": "[{\"added\": {}}]"
    }
  },
  {
    "model": "admin.logentry",
    "pk": 94,
    "fields": {
      "action_time": "2021-04-23T17:14:54.952Z",
      "user": 2,
      "content_type": 7,
      "object_id": "36",
      "object_repr": "Products object (36)",
      "action_flag": 2,
      "change_message": "[{\"changed\": {\"fields\": [\"Category\"]}}]"
    }
  },
  {
    "model": "admin.logentry",
    "pk": 95,
    "fields": {
      "action_time": "2021-05-02T15:50:56.861Z",
      "user": 2,
      "content_type": 7,
      "object_id": "48",
      "object_repr": "Products object (48)",
      "action_flag": 3,
      "change_message": ""
    }
  },
  {
    "model": "admin.logentry",
    "pk": 96,
    "fields": {
      "action_time": "2021-05-02T15:50:56.879Z",
      "user": 2,
      "content_type": 7,
      "object_id": "47",
      "object_repr": "Products object (47)",
      "action_flag": 3,
      "change_message": ""
    }
  },
  {
    "model": "admin.logentry",
    "pk": 97,
    "fields": {
      "action_time": "2021-05-02T15:50:56.891Z",
      "user": 2,
      "content_type": 7,
      "object_id": "46",
      "object_repr": "Products object (46)",
      "action_flag": 3,
      "change_message": ""
    }
  },
  {
    "model": "admin.logentry",
    "pk": 98,
    "fields": {
      "action_time": "2021-05-02T15:50:56.903Z",
      "user": 2,
      "content_type": 7,
      "object_id": "45",
      "object_repr": "Products object (45)",
      "action_flag": 3,
      "change_message": ""
    }
  },
  {
    "model": "admin.logentry",
    "pk": 99,
    "fields": {
      "action_time": "2021-05-02T15:50:56.910Z",
      "user": 2,
      "content_type": 7,
      "object_id": "44",
      "object_repr": "Products object (44)",
      "action_flag": 3,
      "change_message": ""
    }
  },
  {
    "model": "admin.logentry",
    "pk": 100,
    "fields": {
      "action_time": "2021-05-02T15:50:56.926Z",
      "user": 2,
      "content_type": 7,
      "object_id": "43",
      "object_repr": "Products object (43)",
      "action_flag": 3,
      "change_message": ""
    }
  },
  {
    "model": "admin.logentry",
    "pk": 101,
    "fields": {
      "action_time": "2021-05-02T15:50:56.943Z",
      "user": 2,
      "content_type": 7,
      "object_id": "42",
      "object_repr": "Products object (42)",
      "action_flag": 3,
      "change_message": ""
    }
  },
  {
    "model": "admin.logentry",
    "pk": 102,
    "fields": {
      "action_time": "2021-05-02T15:50:56.959Z",
      "user": 2,
      "content_type": 7,
      "object_id": "41",
      "object_repr": "Products object (41)",
      "action_flag": 3,
      "change_message": ""
    }
  },
  {
    "model": "admin.logentry",
    "pk": 103,
    "fields": {
      "action_time": "2021-05-02T15:50:56.974Z",
      "user": 2,
      "content_type": 7,
      "object_id": "40",
      "object_repr": "Products object (40)",
      "action_flag": 3,
      "change_message": ""
    }
  },
  {
    "model": "admin.logentry",
    "pk": 104,
    "fields": {
      "action_time": "2021-05-02T15:50:56.994Z",
      "user": 2,
      "content_type": 7,
      "object_id": "39",
      "object_repr": "Products object (39)",
      "action_flag": 3,
      "change_message": ""
    }
  },
  {
    "model": "admin.logentry",
    "pk": 105,
    "fields": {
      "action_time": "2021-05-02T15:50:57.007Z",
      "user": 2,
      "content_type": 7,
      "object_id": "38",
      "object_repr": "Products object (38)",
      "action_flag": 3,
      "change_message": ""
    }
  },
  {
    "model": "admin.logentry",
    "pk": 106,
    "fields": {
      "action_time": "2021-05-02T15:50:57.019Z",
      "user": 2,
      "content_type": 7,
      "object_id": "37",
      "object_repr": "Products object (37)",
      "action_flag": 3,
      "change_message": ""
    }
  },
  {
    "model": "admin.logentry",
    "pk": 107,
    "fields": {
      "action_time": "2021-05-02T15:50:57.031Z",
      "user": 2,
      "content_type": 7,
      "object_id": "36",
      "object_repr": "Products object (36)",
      "action_flag": 3,
      "change_message": ""
    }
  },
  {
    "model": "admin.logentry",
    "pk": 108,
    "fields": {
      "action_time": "2021-05-02T15:50:57.044Z",
      "user": 2,
      "content_type": 7,
      "object_id": "35",
      "object_repr": "Products object (35)",
      "action_flag": 3,
      "change_message": ""
    }
  },
  {
    "model": "admin.logentry",
    "pk": 109,
    "fields": {
      "action_time": "2021-05-02T15:50:57.055Z",
      "user": 2,
      "content_type": 7,
      "object_id": "34",
      "object_repr": "Products object (34)",
      "action_flag": 3,
      "change_message": ""
    }
  },
  {
    "model": "admin.logentry",
    "pk": 110,
    "fields": {
      "action_time": "2021-05-02T15:50:57.068Z",
      "user": 2,
      "content_type": 7,
      "object_id": "33",
      "object_repr": "Products object (33)",
      "action_flag": 3,
      "change_message": ""
    }
  },
  {
    "model": "admin.logentry",
    "pk": 111,
    "fields": {
      "action_time": "2021-05-02T15:50:57.082Z",
      "user": 2,
      "content_type": 7,
      "object_id": "32",
      "object_repr": "Products object (32)",
      "action_flag": 3,
      "change_message": ""
    }
  },
  {
    "model": "admin.logentry",
    "pk": 112,
    "fields": {
      "action_time": "2021-05-02T15:50:57.087Z",
      "user": 2,
      "content_type": 7,
      "object_id": "31",
      "object_repr": "Products object (31)",
      "action_flag": 3,
      "change_message": ""
    }
  },
  {
    "model": "admin.logentry",
    "pk": 113,
    "fields": {
      "action_time": "2021-05-02T15:50:57.092Z",
      "user": 2,
      "content_type": 7,
      "object_id": "30",
      "object_repr": "Products object (30)",
      "action_flag": 3,
      "change_message": ""
    }
  },
  {
    "model": "admin.logentry",
    "pk": 114,
    "fields": {
      "action_time": "2021-05-02T15:50:57.096Z",
      "user": 2,
      "content_type": 7,
      "object_id": "29",
      "object_repr": "Products object (29)",
      "action_flag": 3,
      "change_message": ""
    }
  },
  {
    "model": "admin.logentry",
    "pk": 115,
    "fields": {
      "action_time": "2021-05-02T15:50:57.101Z",
      "user": 2,
      "content_type": 7,
      "object_id": "28",
      "object_repr": "Products object (28)",
      "action_flag": 3,
      "change_message": ""
    }
  },
  {
    "model": "admin.logentry",
    "pk": 116,
    "fields": {
      "action_time": "2021-05-02T15:50:57.105Z",
      "user": 2,
      "content_type": 7,
      "object_id": "27",
      "object_repr": "Products object (27)",
      "action_flag": 3,
      "change_message": ""
    }
  },
  {
    "model": "admin.logentry",
    "pk": 117,
    "fields": {
      "action_time": "2021-05-02T15:50:57.109Z",
      "user": 2,
      "content_type": 7,
      "object_id": "26",
      "object_repr": "Products object (26)",
      "action_flag": 3,
      "change_message": ""
    }
  },
  {
    "model": "admin.logentry",
    "pk": 118,
    "fields": {
      "action_time": "2021-05-02T15:50:57.113Z",
      "user": 2,
      "content_type": 7,
      "object_id": "25",
      "object_repr": "Products object (25)",
      "action_flag": 3,
      "change_message": ""
    }
  },
  {
    "model": "admin.logentry",
    "pk": 119,
    "fields": {
      "action_time": "2021-05-02T15:50:57.117Z",
      "user": 2,
      "content_type": 7,
      "object_id": "24",
      "object_repr": "Products object (24)",
      "action_flag": 3,
      "change_message": ""
    }
  },
  {
    "model": "admin.logentry",
    "pk": 120,
    "fields": {
      "action_time": "2021-05-02T15:50:57.121Z",
      "user": 2,
      "content_type": 7,
      "object_id": "23",
      "object_repr": "Products object (23)",
      "action_flag": 3,
      "change_message": ""
    }
  },
  {
    "model": "admin.logentry",
    "pk": 121,
    "fields": {
      "action_time": "2021-05-02T15:50:57.126Z",
      "user": 2,
      "content_type": 7,
      "object_id": "22",
      "object_repr": "Products object (22)",
      "action_flag": 3,
      "change_message": ""
    }
  },
  {
    "model": "admin.logentry",
    "pk": 122,
    "fields": {
      "action_time": "2021-05-02T15:50:57.130Z",
      "user": 2,
      "content_type": 7,
      "object_id": "21",
      "object_repr": "Products object (21)",
      "action_flag": 3,
      "change_message": ""
    }
  },
  {
    "model": "admin.logentry",
    "pk": 123,
    "fields": {
      "action_time": "2021-05-02T15:50:57.134Z",
      "user": 2,
      "content_type": 7,
      "object_id": "20",
      "object_repr": "Products object (20)",
      "action_flag": 3,
      "change_message": ""
    }
  },
  {
    "model": "admin.logentry",
    "pk": 124,
    "fields": {
      "action_time": "2021-05-02T15:50:57.137Z",
      "user": 2,
      "content_type": 7,
      "object_id": "19",
      "object_repr": "Products object (19)",
      "action_flag": 3,
      "change_message": ""
    }
  },
  {
    "model": "admin.logentry",
    "pk": 125,
    "fields": {
      "action_time": "2021-05-02T15:50:57.141Z",
      "user": 2,
      "content_type": 7,
      "object_id": "18",
      "object_repr": "Products object (18)",
      "action_flag": 3,
      "change_message": ""
    }
  },
  {
    "model": "admin.logentry",
    "pk": 126,
    "fields": {
      "action_time": "2021-05-02T15:50:57.146Z",
      "user": 2,
      "content_type": 7,
      "object_id": "17",
      "object_repr": "Products object (17)",
      "action_flag": 3,
      "change_message": ""
    }
  },
  {
    "model": "admin.logentry",
    "pk": 127,
    "fields": {
      "action_time": "2021-05-02T15:50:57.150Z",
      "user": 2,
      "content_type": 7,
      "object_id": "16",
      "object_repr": "Products object (16)",
      "action_flag": 3,
      "change_message": ""
    }
  },
  {
    "model": "admin.logentry",
    "pk": 128,
    "fields": {
      "action_time": "2021-05-02T15:50:57.155Z",
      "user": 2,
      "content_type": 7,
      "object_id": "15",
      "object_repr": "Products object (15)",
      "action_flag": 3,
      "change_message": ""
    }
  },
  {
    "model": "admin.logentry",
    "pk": 129,
    "fields": {
      "action_time": "2021-05-02T15:50:57.159Z",
      "user": 2,
      "content_type": 7,
      "object_id": "14",
      "object_repr": "Products object (14)",
      "action_flag": 3,
      "change_message": ""
    }
  },
  {
    "model": "admin.logentry",
    "pk": 130,
    "fields": {
      "action_time": "2021-05-02T15:50:57.164Z",
      "user": 2,
      "content_type": 7,
      "object_id": "13",
      "object_repr": "Products object (13)",
      "action_flag": 3,
      "change_message": ""
    }
  },
  {
    "model": "admin.logentry",
    "pk": 131,
    "fields": {
      "action_time": "2021-05-02T15:50:57.169Z",
      "user": 2,
      "content_type": 7,
      "object_id": "12",
      "object_repr": "Products object (12)",
      "action_flag": 3,
      "change_message": ""
    }
  },
  {
    "model": "admin.logentry",
    "pk": 132,
    "fields": {
      "action_time": "2021-05-02T15:50:57.175Z",
      "user": 2,
      "content_type": 7,
      "object_id": "11",
      "object_repr": "Products object (11)",
      "action_flag": 3,
      "change_message": ""
    }
  },
  {
    "model": "admin.logentry",
    "pk": 133,
    "fields": {
      "action_time": "2021-05-02T15:50:57.180Z",
      "user": 2,
      "content_type": 7,
      "object_id": "10",
      "object_repr": "Products object (10)",
      "action_flag": 3,
      "change_message": ""
    }
  },
  {
    "model": "admin.logentry",
    "pk": 134,
    "fields": {
      "action_time": "2021-05-02T15:50:57.184Z",
      "user": 2,
      "content_type": 7,
      "object_id": "9",
      "object_repr": "Products object (9)",
      "action_flag": 3,
      "change_message": ""
    }
  },
  {
    "model": "admin.logentry",
    "pk": 135,
    "fields": {
      "action_time": "2021-05-02T15:50:57.189Z",
      "user": 2,
      "content_type": 7,
      "object_id": "8",
      "object_repr": "Products object (8)",
      "action_flag": 3,
      "change_message": ""
    }
  },
  {
    "model": "admin.logentry",
    "pk": 136,
    "fields": {
      "action_time": "2021-05-02T15:50:57.193Z",
      "user": 2,
      "content_type": 7,
      "object_id": "7",
      "object_repr": "Products object (7)",
      "action_flag": 3,
      "change_message": ""
    }
  },
  {
    "model": "admin.logentry",
    "pk": 137,
    "fields": {
      "action_time": "2021-05-02T15:50:57.197Z",
      "user": 2,
      "content_type": 7,
      "object_id": "6",
      "object_repr": "Products object (6)",
      "action_flag": 3,
      "change_message": ""
    }
  },
  {
    "model": "admin.logentry",
    "pk": 138,
    "fields": {
      "action_time": "2021-05-02T15:50:57.202Z",
      "user": 2,
      "content_type": 7,
      "object_id": "5",
      "object_repr": "Products object (5)",
      "action_flag": 3,
      "change_message": ""
    }
  },
  {
    "model": "admin.logentry",
    "pk": 139,
    "fields": {
      "action_time": "2021-05-02T15:50:57.206Z",
      "user": 2,
      "content_type": 7,
      "object_id": "4",
      "object_repr": "Products object (4)",
      "action_flag": 3,
      "change_message": ""
    }
  },
  {
    "model": "admin.logentry",
    "pk": 140,
    "fields": {
      "action_time": "2021-05-02T15:50:57.210Z",
      "user": 2,
      "content_type": 7,
      "object_id": "3",
      "object_repr": "Products object (3)",
      "action_flag": 3,
      "change_message": ""
    }
  },
  {
    "model": "admin.logentry",
    "pk": 141,
    "fields": {
      "action_time": "2021-05-02T15:50:57.214Z",
      "user": 2,
      "content_type": 7,
      "object_id": "2",
      "object_repr": "Products object (2)",
      "action_flag": 3,
      "change_message": ""
    }
  },
  {
    "model": "admin.logentry",
    "pk": 142,
    "fields": {
      "action_time": "2021-05-02T15:50:57.218Z",
      "user": 2,
      "content_type": 7,
      "object_id": "1",
      "object_repr": "Products object (1)",
      "action_flag": 3,
      "change_message": ""
    }
  },
  {
    "model": "admin.logentry",
    "pk": 143,
    "fields": {
      "action_time": "2021-05-02T15:56:51.893Z",
      "user": 2,
      "content_type": 7,
      "object_id": "49",
      "object_repr": "Products object (49)",
      "action_flag": 1,
      "change_message": "[{\"added\": {}}]"
    }
  },
  {
    "model": "admin.logentry",
    "pk": 144,
    "fields": {
      "action_time": "2021-05-02T15:57:56.435Z",
      "user": 2,
      "content_type": 8,
      "object_id": "12",
      "object_repr": "Health & Personal Care",
      "action_flag": 3,
      "change_message": ""
    }
  },
  {
    "model": "admin.logentry",
    "pk": 145,
    "fields": {
      "action_time": "2021-05-02T15:57:56.442Z",
      "user": 2,
      "content_type": 8,
      "object_id": "11",
      "object_repr": "Watches",
      "action_flag": 3,
      "change_message": ""
    }
  },
  {
    "model": "admin.logentry",
    "pk": 146,
    "fields": {
      "action_time": "2021-05-02T15:57:56.448Z",
      "user": 2,
      "content_type": 8,
      "object_id": "10",
      "object_repr": "Books",
      "action_flag": 3,
      "change_message": ""
    }
  },
  {
    "model": "admin.logentry",
    "pk": 147,
    "fields": {
      "action_time": "2021-05-02T15:57:56.455Z",
      "user": 2,
      "content_type": 8,
      "object_id": "9",
      "object_repr": "Beauty",
      "action_flag": 3,
      "change_message": ""
    }
  },
  {
    "model": "admin.logentry",
    "pk": 148,
    "fields": {
      "action_time": "2021-05-02T15:57:56.463Z",
      "user": 2,
      "content_type": 8,
      "object_id": "8",
      "object_repr": "Electronics",
      "action_flag": 3,
      "change_message": ""
    }
  },
  {
    "model": "admin.logentry",
    "pk": 149,
    "fields": {
      "action_time": "2021-05-02T15:57:56.469Z",
      "user": 2,
      "content_type": 8,
      "object_id": "7",
      "object_repr": "Accessories",
      "action_flag": 3,
      "change_message": ""
    }
  },
  {
    "model": "admin.logentry",
    "pk": 150,
    "fields": {
      "action_time": "2021-05-02T15:57:56.475Z",
      "user": 2,
      "content_type": 8,
      "object_id": "6",
      "object_repr": "Home & Kitchen",
      "action_flag": 3,
      "change_message": ""
    }
  },
  {
    "model": "admin.logentry",
    "pk": 151,
    "fields": {
      "action_time": "2021-05-02T15:57:56.480Z",
      "user": 2,
      "content_type": 8,
      "object_id": "5",
      "object_repr": "Toys & Games",
      "action_flag": 3,
      "change_message": ""
    }
  },
  {
    "model": "admin.logentry",
    "pk": 152,
    "fields": {
      "action_time": "2021-05-02T15:57:56.484Z",
      "user": 2,
      "content_type": 8,
      "object_id": "4",
      "object_repr": "Shoes & Handbags",
      "action_flag": 3,
      "change_message": ""
    }
  },
  {
    "model": "admin.logentry",
    "pk": 153,
    "fields": {
      "action_time": "2021-05-02T15:57:56.488Z",
      "user": 2,
      "content_type": 8,
      "object_id": "3",
      "object_repr": "Kids-Clothing",
      "action_flag": 3,
      "change_message": ""
    }
  },
  {
    "model": "admin.logentry",
    "pk": 154,
    "fields": {
      "action_time": "2021-05-02T15:57:56.493Z",
      "user": 2,
      "content_type": 8,
      "object_id": "2",
      "object_repr": "Men-Clothing",
      "action_flag": 3,
      "change_message": ""
    }
  },
  {
    "model": "admin.logentry",
    "pk": 155,
    "fields": {
      "action_time": "2021-05-02T15:57:56.497Z",
      "user": 2,
      "content_type": 8,
      "object_id": "1",
      "object_repr": "Women-Clothing",
      "action_flag": 3,
      "change_message": ""
    }
  },
  {
    "model": "admin.logentry",
    "pk": 156,
    "fields": {
      "action_time": "2021-05-02T16:00:13.615Z",
      "user": 2,
      "content_type": 8,
      "object_id": "13",
      "object_repr": "Neapolitan Pizza",
      "action_flag": 1,
      "change_message": "[{\"added\": {}}]"
    }
  },
  {
    "model": "admin.logentry",
    "pk": 157,
    "fields": {
      "action_time": "2021-05-02T16:00:28.888Z",
      "user": 2,
      "content_type": 8,
      "object_id": "14",
      "object_repr": "Chicago Pizza",
      "action_flag": 1,
      "change_message": "[{\"added\": {}}]"
    }
  },
  {
    "model": "admin.logentry",
    "pk": 158,
    "fields": {
      "action_time": "2021-05-02T16:00:45.220Z",
      "user": 2,
      "content_type": 8,
      "object_id": "15",
      "object_repr": "New York-Style Pizza",
      "action_flag": 1,
      "change_message": "[{\"added\": {}}]"
    }
  },
  {
    "model": "admin.logentry",
    "pk": 159,
    "fields": {
      "action_time": "2021-05-02T16:00:56.345Z",
      "user": 2,
      "content_type": 8,
      "object_id": "16",
      "object_repr": "Sicilian Pizza",
      "action_flag": 1,
      "change_message": "[{\"added\": {}}]"
    }
  },
  {
    "model": "admin.logentry",
    "pk": 160,
    "fields": {
      "action_time": "2021-05-02T16:01:52.259Z",
      "user": 2,
      "content_type": 8,
      "object_id": "17",
      "object_repr": "Greek Pizza",
      "action_flag": 1,
      "change_message": "[{\"added\": {}}]"
    }
  },
  {
    "model": "admin.logentry",
    "pk": 161,
    "fields": {
      "action_time": "2021-05-02T16:02:03.430Z",
      "user": 2,
      "content_type": 8,
      "object_id": "18",
      "object_repr": "California Pizza",
      "action_flag": 1,
      "change_message": "[{\"added\": {}}]"
    }
  },
  {
    "model": "admin.logentry",
    "pk": 162,
    "fields": {
      "action_time": "2021-05-02T16:02:13.289Z",
      "user": 2,
      "content_type": 8,
      "object_id": "19",
      "object_repr": "Detroit Pizza",
      "action_flag": 1,
      "change_message": "[{\"added\": {}}]"
    }
  },
  {
    "model": "admin.logentry",
    "pk": 163,
    "fields": {
      "action_time": "2021-05-02T16:02:23.477Z",
      "user": 2,
      "content_type": 8,
      "object_id": "20",
      "object_repr": "St. Louis Pizza",
      "action_flag": 1,
      "change_message": "[{\"added\": {}}]"
    }
  },
  {
    "model": "admin.logentry",
    "pk": 164,
    "fields": {
      "action_time": "2021-05-02T16:02:36.485Z",
      "user": 2,
      "content_type": 8,
      "object_id": "21",
      "object_repr": "Pizza Crust",
      "action_flag": 1,
      "change_message": "[{\"added\": {}}]"
    }
  },
  {
    "model": "admin.logentry",
    "pk": 165,
    "fields": {
      "action_time": "2021-05-02T16:03:18.176Z",
      "user": 2,
      "content_type": 7,
      "object_id": "50",
      "object_repr": "Products object (50)",
      "action_flag": 1,
      "change_message": "[{\"added\": {}}]"
    }
  },
  {
    "model": "admin.logentry",
    "pk": 166,
    "fields": {
      "action_time": "2021-05-02T16:04:40.860Z",
      "user": 2,
      "content_type": 7,
      "object_id": "51",
      "object_repr": "Products object (51)",
      "action_flag": 1,
      "change_message": "[{\"added\": {}}]"
    }
  },
  {
    "model": "admin.logentry",
    "pk": 167,
    "fields": {
      "action_time": "2021-05-02T16:05:55.794Z",
      "user": 2,
      "content_type": 7,
      "object_id": "52",
      "object_repr": "Products object (52)",
      "action_flag": 1,
      "change_message": "[{\"added\": {}}]"
    }
  },
  {
    "model": "admin.logentry",
    "pk": 168,
    "fields": {
      "action_time": "2021-05-02T16:06:51.007Z",
      "user": 2,
      "content_type": 7,
      "object_id": "53",
      "object_repr": "Products object (53)",
      "action_flag": 1,
      "change_message": "[{\"added\": {}}]"
    }
  },
  {
    "model": "admin.logentry",
    "pk": 169,
    "fields": {
      "action_time": "2021-05-02T16:10:31.293Z",
      "user": 2,
      "content_type": 7,
      "object_id": "54",
      "object_repr": "Products object (54)",
      "action_flag": 1,
      "change_message": "[{\"added\": {}}]"
    }
  },
  {
    "model": "admin.logentry",
    "pk": 170,
    "fields": {
      "action_time": "2021-05-02T16:11:33.551Z",
      "user": 2,
      "content_type": 7,
      "object_id": "55",
      "object_repr": "Products object (55)",
      "action_flag": 1,
      "change_message": "[{\"added\": {}}]"
    }
  },
  {
    "model": "admin.logentry",
    "pk": 171,
    "fields": {
      "action_time": "2021-05-02T16:12:32.850Z",
      "user": 2,
      "content_type": 7,
      "object_id": "56",
      "object_repr": "Products object (56)",
      "action_flag": 1,
      "change_message": "[{\"added\": {}}]"
    }
  },
  {
    "model": "admin.logentry",
    "pk": 172,
    "fields": {
      "action_time": "2021-05-02T16:12:45.286Z",
      "user": 2,
      "content_type": 7,
      "object_id": "56",
      "object_repr": "Products object (56)",
      "action_flag": 2,
      "change_message": "[]"
    }
  },
  {
    "model": "admin.logentry",
    "pk": 173,
    "fields": {
      "action_time": "2021-05-02T16:12:56.964Z",
      "user": 2,
      "content_type": 7,
      "object_id": "55",
      "object_repr": "Products object (55)",
      "action_flag": 2,
      "change_message": "[{\"changed\": {\"fields\": [\"Price\"]}}]"
    }
  },
  {
    "model": "admin.logentry",
    "pk": 174,
    "fields": {
      "action_time": "2021-05-02T16:16:47.014Z",
      "user": 2,
      "content_type": 9,
      "object_id": "1",
      "object_repr": "Customer object (1)",
      "action_flag": 3,
      "change_message": ""
    }
  },
  {
    "model": "admin.logentry",
    "pk": 175,
    "fields": {
      "action_time": "2021-05-02T16:16:58.982Z",
      "user": 2,
      "content_type": 9,
      "object_id": "2",
      "object_repr": "Customer object (2)",
      "action_flag": 3,
      "change_message": ""
    }
  },
  {
    "model": "admin.logentry",
    "pk": 176,
    "fields": {
      "action_time": "2021-05-02T16:17:02.944Z",
      "user": 2,
      "content_type": 9,
      "object_id": "3",
      "object_repr": "Customer object (3)",
      "action_flag": 3,
      "change_message": ""
    }
  },
  {
    "model": "admin.logentry",
    "pk": 177,
    "fields": {
      "action_time": "2021-05-02T16:17:08.370Z",
      "user": 2,
      "content_type": 9,
      "object_id": "4",
      "object_repr": "Customer object (4)",
      "action_flag": 3,
      "change_message": ""
    }
  },
  {
    "model": "admin.logentry",
    "pk": 178,
    "fields": {
      "action_time": "2021-05-02T16:18:28.666Z",
      "user": 2,
      "content_type": 10,
      "object_id": "7",
      "object_repr": "Order object (7)",
      "action_flag": 2,
      "change_message": "[{\"changed\": {\"fields\": [\"Status\"]}}]"
    }
  },
  {
    "model": "admin.logentry",
    "pk": 179,
    "fields": {
      "action_time": "2021-05-13T20:01:57.485Z",
      "user": 2,
      "content_type": 7,
      "object_id": "51",
      "object_repr": "Products object (51)",
      "action_flag": 3,
      "change_message": ""
    }
  },
  {
    "model": "admin.logentry",
    "pk": 180,
    "fields": {
      "action_time": "2021-05-13T20:01:57.501Z",
      "user": 2,
      "content_type": 7,
      "object_id": "50",
      "object_repr": "Products object (50)",
      "action_flag": 3,
      "change_message": ""
    }
  },
  {
    "model": "admin.logentry",
    "pk": 181,
    "fields": {
      "action_time": "2021-05-13T20:01:57.509Z",
      "user": 2,
      "content_type": 7,
      "object_id": "56",
      "object_repr": "Products object (56)",
      "action_flag": 3,
      "change_message": ""
    }
  },
  {
    "model": "admin.logentry",
    "pk": 182,
    "fields": {
      "action_time": "2021-05-13T20:01:57.525Z",
      "user": 2,
      "content_type": 7,
      "object_id": "55",
      "object_repr": "Products object (55)",
      "action_flag": 3,
      "change_message": ""
    }
  },
  {
    "model": "admin.logentry",
    "pk": 183,
    "fields": {
      "action_time": "2021-05-13T20:01:57.533Z",
      "user": 2,
      "content_type": 7,
      "object_id": "52",
      "object_repr": "Products object (52)",
      "action_flag": 3,
      "change_message": ""
    }
  },
  {
    "model": "admin.logentry",
    "pk": 184,
    "fields": {
      "action_time": "2021-05-13T20:01:57.541Z",
      "user": 2,
      "content_type": 7,
      "object_id": "53",
      "object_repr": "Products object (53)",
      "action_flag": 3,
      "change_message": ""
    }
  },
  {
    "model": "admin.logentry",
    "pk": 185,
    "fields": {
      "action_time": "2021-05-13T20:01:57.557Z",
      "user": 2,
      "content_type": 7,
      "object_id": "54",
      "object_repr": "Products object (54)",
      "action_flag": 3,
      "change_message": ""
    }
  },
  {
    "model": "admin.logentry",
    "pk": 186,
    "fields": {
      "action_time": "2021-05-13T20:02:14.256Z",
      "user": 2,
      "content_type": 8,
      "object_id": "21",
      "object_repr": "Pizza Crust",
      "action_flag": 3,
      "change_message": ""
    }
  },
  {
    "model": "admin.logentry",
    "pk": 187,
    "fields": {
      "action_time": "2021-05-13T20:02:14.272Z",
      "user": 2,
      "content_type": 8,
      "object_id": "20",
      "object_repr": "St. Louis Pizza",
      "action_flag": 3,
      "change_message": ""
    }
  },
  {
    "model": "admin.logentry",
    "pk": 188,
    "fields": {
      "action_time": "2021-05-13T20:02:14.288Z",
      "user": 2,
      "content_type": 8,
      "object_id": "19",
      "object_repr": "Detroit Pizza",
      "action_flag": 3,
      "change_message": ""
    }
  },
  {
    "model": "admin.logentry",
    "pk": 189,
    "fields": {
      "action_time": "2021-05-13T20:02:14.304Z",
      "user": 2,
      "content_type": 8,
      "object_id": "18",
      "object_repr": "California Pizza",
      "action_flag": 3,
      "change_message": ""
    }
  },
  {
    "model": "admin.logentry",
    "pk": 190,
    "fields": {
      "action_time": "2021-05-13T20:02:14.312Z",
      "user": 2,
      "content_type": 8,
      "object_id": "17",
      "object_repr": "Greek Pizza",
      "action_flag": 3,
      "change_message": ""
    }
  },
  {
    "model": "admin.logentry",
    "pk": 191,
    "fields": {
      "action_time": "2021-05-13T20:02:14.328Z",
      "user": 2,
      "content_type": 8,
      "object_id": "16",
      "object_repr": "Sicilian Pizza",
      "action_flag": 3,
      "change_message": ""
    }
  },
  {
    "model": "admin.logentry",
    "pk": 192,
    "fields": {
      "action_time": "2021-05-13T20:02:14.336Z",
      "user": 2,
      "content_type": 8,
      "object_id": "15",
      "object_repr": "New York-Style Pizza",
      "action_flag": 3,
      "change_message": ""
    }
  },
  {
    "model": "admin.logentry",
    "pk": 193,
    "fields": {
      "action_time": "2021-05-13T20:02:14.352Z",
      "user": 2,
      "content_type": 8,
      "object_id": "14",
      "object_repr": "Chicago Pizza",
      "action_flag": 3,
      "change_message": ""
    }
  },
  {
    "model": "admin.logentry",
    "pk": 194,
    "fields": {
      "action_time": "2021-05-13T20:02:14.360Z",
      "user": 2,
      "content_type": 8,
      "object_id": "13",
      "object_repr": "Neapolitan Pizza",
      "action_flag": 3,
      "change_message": ""
    }
  },
  {
    "model": "admin.logentry",
    "pk": 195,
    "fields": {
      "action_time": "2021-05-13T20:02:21.936Z",
      "user": 2,
      "content_type": 8,
      "object_id": "22",
      "object_repr": "Women-Clothing",
      "action_flag": 1,
      "change_message": "[{\"added\": {}}]"
    }
  },
  {
    "model": "admin.logentry",
    "pk": 196,
    "fields": {
      "action_time": "2021-05-13T20:02:28.683Z",
      "user": 2,
      "content_type": 8,
      "object_id": "23",
      "object_repr": "Men-Clothing",
      "action_flag": 1,
      "change_message": "[{\"added\": {}}]"
    }
  },
  {
    "model": "admin.logentry",
    "pk": 197,
    "fields": {
      "action_time": "2021-05-13T20:02:35.991Z",
      "user": 2,
      "content_type": 8,
      "object_id": "24",
      "object_repr": "Kids-Clothing",
      "action_flag": 1,
      "change_message": "[{\"added\": {}}]"
    }
  },
  {
    "model": "admin.logentry",
    "pk": 198,
    "fields": {
      "action_time": "2021-05-13T20:02:49.776Z",
      "user": 2,
      "content_type": 8,
      "object_id": "25",
      "object_repr": "Watches",
      "action_flag": 1,
      "change_message": "[{\"added\": {}}]"
    }
  },
  {
    "model": "admin.logentry",
    "pk": 199,
    "fields": {
      "action_time": "2021-05-13T20:02:56.685Z",
      "user": 2,
      "content_type": 8,
      "object_id": "26",
      "object_repr": "Shoes & Handbags",
      "action_flag": 1,
      "change_message": "[{\"added\": {}}]"
    }
  },
  {
    "model": "admin.logentry",
    "pk": 200,
    "fields": {
      "action_time": "2021-05-13T20:04:21.295Z",
      "user": 2,
      "content_type": 7,
      "object_id": "57",
      "object_repr": "Products object (57)",
      "action_flag": 1,
      "change_message": "[{\"added\": {}}]"
    }
  },
  {
    "model": "admin.logentry",
    "pk": 201,
    "fields": {
      "action_time": "2021-05-13T20:05:09.205Z",
      "user": 2,
      "content_type": 7,
      "object_id": "58",
      "object_repr": "Products object (58)",
      "action_flag": 1,
      "change_message": "[{\"added\": {}}]"
    }
  },
  {
    "model": "admin.logentry",
    "pk": 202,
    "fields": {
      "action_time": "2021-05-13T20:05:54.799Z",
      "user": 2,
      "content_type": 7,
      "object_id": "59",
      "object_repr": "Products object (59)",
      "action_flag": 1,
      "change_message": "[{\"added\": {}}]"
    }
  },
  {
    "model": "admin.logentry",
    "pk": 203,
    "fields": {
      "action_time": "2021-05-13T20:06:18.104Z",
      "user": 2,
      "content_type": 7,
      "object_id": "60",
      "object_repr": "Products object (60)",
      "action_flag": 1,
      "change_message": "[{\"added\": {}}]"
    }
  },
  {
    "model": "admin.logentry",
    "pk": 204,
    "fields": {
      "action_time": "2021-05-13T20:07:07.902Z",
      "user": 2,
      "content_type": 7,
      "object_id": "61",
      "object_repr": "Products object (61)",
      "action_flag": 1,
      "change_message": "[{\"added\": {}}]"
    }
  },
  {
    "model": "admin.logentry",
    "pk": 205,
    "fields": {
      "action_time": "2021-05-13T20:07:26.636Z",
      "user": 2,
      "content_type": 7,
      "object_id": "62",
      "object_repr": "Products object (62)",
      "action_flag": 1,
      "change_message": "[{\"added\": {}}]"
    }
  },
  {
    "model": "admin.logentry",
    "pk": 206,
    "fields": {
      "action_time": "2021-05-13T20:07:51.885Z",
      "user": 2,
      "content_type": 7,
      "object_id": "63",
      "object_repr": "Products object (63)",
      "action_flag": 1,
      "change_message": "[{\"added\": {}}]"
    }
  },
  {
    "model": "admin.logentry",
    "pk": 207,
    "fields": {
      "action_time": "2021-05-13T20:08:32.727Z",
      "user": 2,
      "content_type": 7,
      "object_id": "64",
      "object_repr": "Products object (64)",
      "action_flag": 1,
      "change_message": "[{\"added\": {}}]"
    }
  },
  {
    "model": "admin.logentry",
    "pk": 208,
    "fields": {
      "action_time": "2021-05-13T20:08:58.095Z",
      "user": 2,
      "content_type": 7,
      "object_id": "65",
      "object_repr": "Products object (65)",
      "action_flag": 1,
      "change_message": "[{\"added\": {}}]"
    }
  },
  {
    "model": "admin.logentry",
    "pk": 209,
    "fields": {
      "action_time": "2021-05-13T20:09:19.853Z",
      "user": 2,
      "content_type": 7,
      "object_id": "66",
      "object_repr": "Products object (66)",
      "action_flag": 1,
      "change_message": "[{\"added\": {}}]"
    }
  },
  {
    "model": "admin.logentry",
    "pk": 210,
    "fields": {
      "action_time": "2021-05-13T20:09:53.482Z",
      "user": 2,
      "content_type": 7,
      "object_id": "67",
      "object_repr": "Products object (67)",
      "action_flag": 1,
      "change_message": "[{\"added\": {}}]"
    }
  },
  {
    "model": "admin.logentry",
    "pk": 211,
    "fields": {
      "action_time": "2021-05-13T20:10:17.800Z",
      "user": 2,
      "content_type": 7,
      "object_id": "68",
      "object_repr": "Products object (68)",
      "action_flag": 1,
      "change_message": "[{\"added\": {}}]"
    }
  },
  {
    "model": "admin.logentry",
    "pk": 212,
    "fields": {
      "action_time": "2021-05-13T20:10:58.144Z",
      "user": 2,
      "content_type": 7,
      "object_id": "69",
      "object_repr": "Products object (69)",
      "action_flag": 1,
      "change_message": "[{\"added\": {}}]"
    }
  },
  {
    "model": "admin.logentry",
    "pk": 213,
    "fields": {
      "action_time": "2021-05-13T20:11:19.765Z",
      "user": 2,
      "content_type": 7,
      "object_id": "70",
      "object_repr": "Products object (70)",
      "action_flag": 1,
      "change_message": "[{\"added\": {}}]"
    }
  },
  {
    "model": "admin.logentry",
    "pk": 214,
    "fields": {
      "action_time": "2021-05-13T20:11:51.061Z",
      "user": 2,
      "content_type": 7,
      "object_id": "71",
      "object_repr": "Products object (71)",
      "action_flag": 1,
      "change_message": "[{\"added\": {}}]"
    }
  },
  {
    "model": "admin.logentry",
    "pk": 215,
    "fields": {
      "action_time": "2021-05-13T20:12:11.333Z",
      "user": 2,
      "content_type": 7,
      "object_id": "72",
      "object_repr": "Products object (72)",
      "action_flag": 1,
      "change_message": "[{\"added\": {}}]"
    }
  },
  {
    "model": "admin.logentry",
    "pk": 216,
    "fields": {
      "action_time": "2021-05-13T20:12:30.732Z",
      "user": 2,
      "content_type": 7,
      "object_id": "73",
      "object_repr": "Products object (73)",
      "action_flag": 1,
      "change_message": "[{\"added\": {}}]"
    }
  },
  {
    "model": "admin.logentry",
    "pk": 217,
    "fields": {
      "action_time": "2021-05-13T20:12:48.162Z",
      "user": 2,
      "content_type": 7,
      "object_id": "74",
      "object_repr": "Products object (74)",
      "action_flag": 1,
      "change_message": "[{\"added\": {}}]"
    }
  },
  {
    "model": "admin.logentry",
    "pk": 218,
    "fields": {
      "action_time": "2021-05-13T20:13:09.267Z",
      "user": 2,
      "content_type": 7,
      "object_id": "75",
      "object_repr": "Products object (75)",
      "action_flag": 1,
      "change_message": "[{\"added\": {}}]"
    }
  },
  {
    "model": "admin.logentry",
    "pk": 219,
    "fields": {
      "action_time": "2021-05-13T20:13:40.793Z",
      "user": 2,
      "content_type": 7,
      "object_id": "76",
      "object_repr": "Products object (76)",
      "action_flag": 1,
      "change_message": "[{\"added\": {}}]"
    }
  },
  {
    "model": "admin.logentry",
    "pk": 220,
    "fields": {
      "action_time": "2021-05-13T20:14:16.013Z",
      "user": 2,
      "content_type": 7,
      "object_id": "77",
      "object_repr": "Products object (77)",
      "action_flag": 1,
      "change_message": "[{\"added\": {}}]"
    }
  },
  {
    "model": "admin.logentry",
    "pk": 221,
    "fields": {
      "action_time": "2021-05-13T20:14:33.254Z",
      "user": 2,
      "content_type": 7,
      "object_id": "77",
      "object_repr": "Products object (77)",
      "action_flag": 2,
      "change_message": "[{\"changed\": {\"fields\": [\"Price\"]}}]"
    }
  },
  {
    "model": "admin.logentry",
    "pk": 222,
    "fields": {
      "action_time": "2021-05-13T20:14:43.382Z",
      "user": 2,
      "content_type": 7,
      "object_id": "74",
      "object_repr": "Products object (74)",
      "action_flag": 2,
      "change_message": "[{\"changed\": {\"fields\": [\"Price\"]}}]"
    }
  },
  {
    "model": "admin.logentry",
    "pk": 223,
    "fields": {
      "action_time": "2021-05-13T20:15:20.089Z",
      "user": 2,
      "content_type": 7,
      "object_id": "78",
      "object_repr": "Products object (78)",
      "action_flag": 1,
      "change_message": "[{\"added\": {}}]"
    }
  },
  {
    "model": "admin.logentry",
    "pk": 224,
    "fields": {
      "action_time": "2021-05-13T20:15:55.127Z",
      "user": 2,
      "content_type": 7,
      "object_id": "79",
      "object_repr": "Products object (79)",
      "action_flag": 1,
      "change_message": "[{\"added\": {}}]"
    }
  },
  {
    "model": "admin.logentry",
    "pk": 225,
    "fields": {
      "action_time": "2021-05-13T20:16:29.311Z",
      "user": 2,
      "content_type": 7,
      "object_id": "80",
      "object_repr": "Products object (80)",
      "action_flag": 1,
      "change_message": "[{\"added\": {}}]"
    }
  },
  {
    "model": "admin.logentry",
    "pk": 226,
    "fields": {
      "action_time": "2021-05-13T20:16:58.358Z",
      "user": 2,
      "content_type": 7,
      "object_id": "81",
      "object_repr": "Products object (81)",
      "action_flag": 1,
      "change_message": "[{\"added\": {}}]"
    }
  },
  {
    "model": "admin.logentry",
    "pk": 227,
    "fields": {
      "action_time": "2021-05-13T20:17:33.417Z",
      "user": 2,
      "content_type": 7,
      "object_id": "82",
      "object_repr": "Products object (82)",
      "action_flag": 1,
      "change_message": "[{\"added\": {}}]"
    }
  },
  {
    "model": "admin.logentry",
    "pk": 228,
    "fields": {
      "action_time": "2021-06-17T05:09:47.863Z",
      "user": 2,
      "content_type": 9,
      "object_id": "5",
      "object_repr": "Customer object (5)",
      "action_flag": 2,
      "change_message": "[{\"changed\": {\"fields\": [\"Phone\"]}}]"
    }
  },
  {
    "model": "admin.logentry",
    "pk": 229,
    "fields": {
      "action_time": "2021-06-17T07:28:22.963Z",
      "user": 2,
      "content_type": 4,
      "object_id": "2",
      "object_repr": "Tanushree",
      "action_flag": 2,
      "change_message": "[{\"changed\": {\"fields\": [\"First name\", \"Last name\"]}}]"
    }
  },
  {
    "model": "admin.logentry",
    "pk": 230,
    "fields": {
      "action_time": "2021-06-17T07:29:33.707Z",
      "user": 2,
      "content_type": 10,
      "object_id": "8",
      "object_repr": "Order object (8)",
      "action_flag": 2,
      "change_message": "[{\"changed\": {\"fields\": [\"Product\", \"Quantity\", \"Phone\"]}}]"
    }
  },
  {
    "model": "admin.logentry",
    "pk": 231,
    "fields": {
      "action_time": "2021-06-19T19:29:25.004Z",
      "user": 2,
      "content_type": 10,
      "object_id": "13",
      "object_repr": "Order object (13)",
      "action_flag": 2,
      "change_message": "[{\"changed\": {\"fields\": [\"Status\"]}}]"
    }
  },
  {
    "model": "admin.logentry",
    "pk": 232,
    "fields": {
      "action_time": "2021-06-19T19:29:38.958Z",
      "user": 2,
      "content_type": 10,
      "object_id": "12",
      "object_repr": "Order object (12)",
      "action_flag": 2,
      "change_message": "[{\"changed\": {\"fields\": [\"Status\"]}}]"
    }
  },
  {
    "model": "admin.logentry",
    "pk": 233,
    "fields": {
      "action_time": "2021-06-19T19:29:48.323Z",
      "user": 2,
      "content_type": 10,
      "object_id": "11",
      "object_repr": "Order object (11)",
      "action_flag": 2,
      "change_message": "[]"
    }
  },
  {
    "model": "admin.logentry",
    "pk": 234,
    "fields": {
      "action_time": "2021-06-19T19:29:53.658Z",
      "user": 2,
      "content_type": 10,
      "object_id": "11",
      "object_repr": "Order object (11)",
      "action_flag": 2,
      "change_message": "[{\"changed\": {\"fields\": [\"Status\"]}}]"
    }
  },
  {
    "model": "admin.logentry",
    "pk": 235,
    "fields": {
      "action_time": "2021-06-19T19:31:00.091Z",
      "user": 2,
      "content_type": 10,
      "object_id": "14",
      "object_repr": "Order object (14)",
      "action_flag": 2,
      "change_message": "[{\"changed\": {\"fields\": [\"Status\"]}}]"
    }
  },
  {
    "model": "admin.logentry",
    "pk": 236,
    "fields": {
      "action_time": "2021-06-19T19:31:20.392Z",
      "user": 2,
      "content_type": 8,
      "object_id": "22",
      "object_repr": "Women-Clothing",
      "action_flag": 2,
      "change_message": "[]"
    }
  },
  {
    "model": "admin.logentry",
    "pk": 237,
    "fields": {
      "action_time": "2021-06-19T19:31:55.736Z",
      "user": 2,
      "content_type": 8,
      "object_id": "27",
      "object_repr": "Books",
      "action_flag": 1,
      "change_message": "[{\"added\": {}}]"
    }
  },
  {
    "model": "admin.logentry",
    "pk": 238,
    "fields": {
      "action_time": "2021-06-19T19:37:38.486Z",
      "user": 2,
      "content_type": 9,
      "object_id": "6",
      "object_repr": "Customer object (6)",
      "action_flag": 2,
      "change_message": "[{\"changed\": {\"fields\": [\"Phone\"]}}]"
    }
  },
  {
    "model": "admin.logentry",
    "pk": 239,
    "fields": {
      "action_time": "2021-06-21T15:43:08.279Z",
      "user": 2,
      "content_type": 8,
      "object_id": "28",
      "object_repr": "Home & Kitchen",
      "action_flag": 1,
      "change_message": "[{\"added\": {}}]"
    }
  },
  {
    "model": "admin.logentry",
    "pk": 240,
    "fields": {
      "action_time": "2021-06-21T15:43:21.387Z",
      "user": 2,
      "content_type": 8,
      "object_id": "29",
      "object_repr": "Health & Personal Care",
      "action_flag": 1,
      "change_message": "[{\"added\": {}}]"
    }
  },
  {
    "model": "admin.logentry",
    "pk": 241,
    "fields": {
      "action_time": "2021-06-21T15:44:36.430Z",
      "user": 2,
      "content_type": 8,
      "object_id": "30",
      "object_repr": "Gifts",
      "action_flag": 1,
      "change_message": "[{\"added\": {}}]"
    }
  },
  {
    "model": "admin.logentry",
    "pk": 242,
    "fields": {
      "action_time": "2021-06-21T15:48:00.620Z",
      "user": 2,
      "content_type": 7,
      "object_id": "83",
      "object_repr": "Products object (83)",
      "action_flag": 1,
      "change_message": "[{\"added\": {}}]"
    }
  },
  {
    "model": "admin.logentry",
    "pk": 243,
    "fields": {
      "action_time": "2021-06-21T15:51:01.074Z",
      "user": 2,
      "content_type": 7,
      "object_id": "84",
      "object_repr": "Products object (84)",
      "action_flag": 1,
      "change_message": "[{\"added\": {}}]"
    }
  },
  {
    "model": "admin.logentry",
    "pk": 244,
    "fields": {
      "action_time": "2021-06-21T15:51:18.976Z",
      "user": 2,
      "content_type": 7,
      "object_id": "84",
      "object_repr": "Products object (84)",
      "action_flag": 2,
      "change_message": "[{\"changed\": {\"fields\": [\"Name\"]}}]"
    }
  },
  {
    "model": "admin.logentry",
    "pk": 245,
    "fields": {
      "action_time": "2021-06-21T15:52:04.594Z",
      "user": 2,
      "content_type": 7,
      "object_id": "85",
      "object_repr": "Products object (85)",
      "action_flag": 1,
      "change_message": "[{\"added\": {}}]"
    }
  },
  {
    "model": "admin.logentry",
    "pk": 246,
    "fields": {
      "action_time": "2021-06-21T15:52:49.690Z",
      "user": 2,
      "content_type": 7,
      "object_id": "86",
      "object_repr": "Products object (86)",
      "action_flag": 1,
      "change_message": "[{\"added\": {}}]"
    }
  },
  {
    "model": "admin.logentry",
    "pk": 247,
    "fields": {
      "action_time": "2021-06-21T15:53:38.166Z",
      "user": 2,
      "content_type": 7,
      "object_id": "87",
      "object_repr": "Products object (87)",
      "action_flag": 1,
      "change_message": "[{\"added\": {}}]"
    }
  },
  {
    "model": "admin.logentry",
    "pk": 248,
    "fields": {
      "action_time": "2021-06-21T16:00:25.754Z",
      "user": 2,
      "content_type": 7,
      "object_id": "88",
      "object_repr": "Products object (88)",
      "action_flag": 1,
      "change_message": "[{\"added\": {}}]"
    }
  },
  {
    "model": "admin.logentry",
    "pk": 249,
    "fields": {
      "action_time": "2021-06-21T16:02:01.464Z",
      "user": 2,
      "content_type": 7,
      "object_id": "89",
      "object_repr": "Products object (89)",
      "action_flag": 1,
      "change_message": "[{\"added\": {}}]"
    }
  },
  {
    "model": "admin.logentry",
    "pk": 250,
    "fields": {
      "action_time": "2021-06-21T16:02:51.179Z",
      "user": 2,
      "content_type": 7,
      "object_id": "90",
      "object_repr": "Products object (90)",
      "action_flag": 1,
      "change_message": "[{\"added\": {}}]"
    }
  },
  {
    "model": "admin.logentry",
    "pk": 251,
    "fields": {
      "action_time": "2021-06-21T16:07:23.681Z",
      "user": 2,
      "content_type": 7,
      "object_id": "91",
      "object_repr": "Products object (91)",
      "action_flag": 1,
      "change_message": "[{\"added\": {}}]"
    }
  },
  {
    "model": "admin.logentry",
    "pk": 252,
    "fields": {
      "action_time": "2021-06-21T16:08:46.893Z",
      "user": 2,
      "content_type": 7,
      "object_id": "92",
      "object_repr": "Products object (92)",
      "action_flag": 1,
      "change_message": "[{\"added\": {}}]"
    }
  },
  {
    "model": "admin.logentry",
    "pk": 253,
    "fields": {
      "action_time": "2021-06-21T16:09:43.288Z",
      "user": 2,
      "content_type": 7,
      "object_id": "93",
      "object_repr": "Products object (93)",
      "action_flag": 1,
      "change_message": "[{\"added\": {}}]"
    }
  },
  {
    "model": "admin.logentry",
    "pk": 254,
    "fields": {
      "action_time": "2021-06-21T16:10:31.861Z",
      "user": 2,
      "content_type": 7,
      "object_id": "94",
      "object_repr": "Products object (94)",
      "action_flag": 1,
      "change_message": "[{\"added\": {}}]"
    }
  },
  {
    "model": "admin.logentry",
    "pk": 255,
    "fields": {
      "action_time": "2021-06-21T16:13:24.931Z",
      "user": 2,
      "content_type": 7,
      "object_id": "95",
      "object_repr": "Products object (95)",
      "action_flag": 1,
      "change_message": "[{\"added\": {}}]"
    }
  },
  {
    "model": "admin.logentry",
    "pk": 256,
    "fields": {
      "action_time": "2021-06-21T16:15:17.729Z",
      "user": 2,
      "content_type": 7,
      "object_id": "96",
      "object_repr": "Products object (96)",
      "action_flag": 1,
      "change_message": "[{\"added\": {}}]"
    }
  },
  {
    "model": "admin.logentry",
    "pk": 257,
    "fields": {
      "action_time": "2021-06-21T16:15:44.450Z",
      "user": 2,
      "content_type": 7,
      "object_id": "97",
      "object_repr": "Products object (97)",
      "action_flag": 1,
      "change_message": "[{\"added\": {}}]"
    }
  },
  {
    "model": "admin.logentry",
    "pk": 258,
    "fields": {
      "action_time": "2021-06-21T16:16:15.562Z",
      "user": 2,
      "content_type": 7,
      "object_id": "98",
      "object_repr": "Products object (98)",
      "action_flag": 1,
      "change_message": "[{\"added\": {}}]"
    }
  },
  {
    "model": "admin.logentry",
    "pk": 259,
    "fields": {
      "action_time": "2021-06-21T16:16:43.326Z",
      "user": 2,
      "content_type": 7,
      "object_id": "99",
      "object_repr": "Products object (99)",
      "action_flag": 1,
      "change_message": "[{\"added\": {}}]"
    }
  },
  {
    "model": "admin.logentry",
    "pk": 260,
    "fields": {
      "action_time": "2021-06-21T16:17:06.609Z",
      "user": 2,
      "content_type": 7,
      "object_id": "100",
      "object_repr": "Products object (100)",
      "action_flag": 1,
      "change_message": "[{\"added\": {}}]"
    }
  },
  {
    "model": "admin.logentry",
    "pk": 261,
    "fields": {
      "action_time": "2021-06-21T16:17:45.835Z",
      "user": 2,
      "content_type": 7,
      "object_id": "101",
      "object_repr": "Products object (101)",
      "action_flag": 1,
      "change_message": "[{\"added\": {}}]"
    }
  },
  {
    "model": "admin.logentry",
    "pk": 262,
    "fields": {
      "action_time": "2021-06-21T16:21:44.337Z",
      "user": 2,
      "content_type": 7,
      "object_id": "102",
      "object_repr": "Products object (102)",
      "action_flag": 1,
      "change_message": "[{\"added\": {}}]"
    }
  },
  {
    "model": "admin.logentry",
    "pk": 263,
    "fields": {
      "action_time": "2021-06-21T16:22:21.267Z",
      "user": 2,
      "content_type": 7,
      "object_id": "103",
      "object_repr": "Products object (103)",
      "action_flag": 1,
      "change_message": "[{\"added\": {}}]"
    }
  },
  {
    "model": "admin.logentry",
    "pk": 264,
    "fields": {
      "action_time": "2021-06-21T16:23:34.453Z",
      "user": 2,
      "content_type": 7,
      "object_id": "104",
      "object_repr": "Products object (104)",
      "action_flag": 1,
      "change_message": "[{\"added\": {}}]"
    }
  },
  {
    "model": "admin.logentry",
    "pk": 265,
    "fields": {
      "action_time": "2021-06-21T16:43:10.934Z",
      "user": 2,
      "content_type": 10,
      "object_id": "18",
      "object_repr": "Order object (18)",
      "action_flag": 2,
      "change_message": "[{\"changed\": {\"fields\": [\"Status\"]}}]"
    }
  },
  {
    "model": "admin.logentry",
    "pk": 266,
    "fields": {
      "action_time": "2021-06-21T16:43:40.666Z",
      "user": 2,
      "content_type": 9,
      "object_id": "8",
      "object_repr": "Customer object (8)",
      "action_flag": 2,
      "change_message": "[]"
    }
  },
  {
    "model": "admin.logentry",
    "pk": 267,
    "fields": {
      "action_time": "2021-06-21T16:44:10.369Z",
      "user": 2,
      "content_type": 7,
      "object_id": "101",
      "object_repr": "Products object (101)",
      "action_flag": 2,
      "change_message": "[{\"changed\": {\"fields\": [\"Price\"]}}]"
    }
  },
  {
    "model": "auth.permission",
    "pk": 1,
    "fields": {
      "name": "Can add log entry",
      "content_type": 1,
      "codename": "add_logentry"
    }
  },
  {
    "model": "auth.permission",
    "pk": 2,
    "fields": {
      "name": "Can change log entry",
      "content_type": 1,
      "codename": "change_logentry"
    }
  },
  {
    "model": "auth.permission",
    "pk": 3,
    "fields": {
      "name": "Can delete log entry",
      "content_type": 1,
      "codename": "delete_logentry"
    }
  },
  {
    "model": "auth.permission",
    "pk": 4,
    "fields": {
      "name": "Can view log entry",
      "content_type": 1,
      "codename": "view_logentry"
    }
  },
  {
    "model": "auth.permission",
    "pk": 5,
    "fields": {
      "name": "Can add permission",
      "content_type": 2,
      "codename": "add_permission"
    }
  },
  {
    "model": "auth.permission",
    "pk": 6,
    "fields": {
      "name": "Can change permission",
      "content_type": 2,
      "codename": "change_permission"
    }
  },
  {
    "model": "auth.permission",
    "pk": 7,
    "fields": {
      "name": "Can delete permission",
      "content_type": 2,
      "codename": "delete_permission"
    }
  },
  {
    "model": "auth.permission",
    "pk": 8,
    "fields": {
      "name": "Can view permission",
      "content_type": 2,
      "codename": "view_permission"
    }
  },
  {
    "model": "auth.permission",
    "pk": 9,
    "fields": {
      "name": "Can add group",
      "content_type": 3,
      "codename": "add_group"
    }
  },
  {
    "model": "auth.permission",
    "pk": 10,
    "fields": {
      "name": "Can change group",
      "content_type": 3,
      "codename": "change_group"
    }
  },
  {
    "model": "auth.permission",
    "pk": 11,
    "fields": {
      "name": "Can delete group",
      "content_type": 3,
      "codename": "delete_group"
    }
  },
  {
    "model": "auth.permission",
    "pk": 12,
    "fields": {
      "name": "Can view group",
      "content_type": 3,
      "codename": "view_group"
    }
  },
  {
    "model": "auth.permission",
    "pk": 13,
    "fields": {
      "name": "Can add user",
      "content_type": 4,
      "codename": "add_user"
    }
  },
  {
    "model": "auth.permission",
    "pk": 14,
    "fields": {
      "name": "Can change user",
      "content_type": 4,
      "codename": "change_user"
    }
  },
  {
    "model": "auth.permission",
    "pk": 15,
    "fields": {
      "name": "Can delete user",
      "content_type": 4,
      "codename": "delete_user"
    }
  },
  {
    "model": "auth.permission",
    "pk": 16,
    "fields": {
      "name": "Can view user",
      "content_type": 4,
      "codename": "view_user"
    }
  },
  {
    "model": "auth.permission",
    "pk": 17,
    "fields": {
      "name": "Can add content type",
      "content_type": 5,
      "codename": "add_contenttype"
    }
  },
  {
    "model": "auth.permission",
    "pk": 18,
    "fields": {
      "name": "Can change content type",
      "content_type": 5,
      "codename": "change_contenttype"
    }
  },
  {
    "model": "auth.permission",
    "pk": 19,
    "fields": {
      "name": "Can delete content type",
      "content_type": 5,
      "codename": "delete_contenttype"
    }
  },
  {
    "model": "auth.permission",
    "pk": 20,
    "fields": {
      "name": "Can view content type",
      "content_type": 5,
      "codename": "view_contenttype"
    }
  },
  {
    "model": "auth.permission",
    "pk": 21,
    "fields": {
      "name": "Can add session",
      "content_type": 6,
      "codename": "add_session"
    }
  },
  {
    "model": "auth.permission",
    "pk": 22,
    "fields": {
      "name": "Can change session",
      "content_type": 6,
      "codename": "change_session"
    }
  },
  {
    "model": "auth.permission",
    "pk": 23,
    "fields": {
      "name": "Can delete session",
      "content_type": 6,
      "codename": "delete_session"
    }
  },
  {
    "model": "auth.permission",
    "pk": 24,
    "fields": {
      "name": "Can view session",
      "content_type": 6,
      "codename": "view_session"
    }
  },
  {
    "model": "auth.permission",
    "pk": 25,
    "fields": {
      "name": "Can add products",
      "content_type": 7,
      "codename": "add_products"
    }
  },
  {
    "model": "auth.permission",
    "pk": 26,
    "fields": {
      "name": "Can change products",
      "content_type": 7,
      "codename": "change_products"
    }
  },
  {
    "model": "auth.permission",
    "pk": 27,
    "fields": {
      "name": "Can delete products",
      "content_type": 7,
      "codename": "delete_products"
    }
  },
  {
    "model": "auth.permission",
    "pk": 28,
    "fields": {
      "name": "Can view products",
      "content_type": 7,
      "codename": "view_products"
    }
  },
  {
    "model": "auth.permission",
    "pk": 29,
    "fields": {
      "name": "Can add category",
      "content_type": 8,
      "codename": "add_category"
    }
  },
  {
    "model": "auth.permission",
    "pk": 30,
    "fields": {
      "name": "Can change category",
      "content_type": 8,
      "codename": "change_category"
    }
  },
  {
    "model": "auth.permission",
    "pk": 31,
    "fields": {
      "name": "Can delete category",
      "content_type": 8,
      "codename": "delete_category"
    }
  },
  {
    "model": "auth.permission",
    "pk": 32,
    "fields": {
      "name": "Can view category",
      "content_type": 8,
      "codename": "view_category"
    }
  },
  {
    "model": "auth.permission",
    "pk": 33,
    "fields": {
      "name": "Can add customer",
      "content_type": 9,
      "codename": "add_customer"
    }
  },
  {
    "model": "auth.permission",
    "pk": 34,
    "fields": {
      "name": "Can change customer",
      "content_type": 9,
      "codename": "change_customer"
    }
  },
  {
    "model": "auth.permission",
    "pk": 35,
    "fields": {
      "name": "Can delete customer",
      "content_type": 9,
      "codename": "delete_customer"
    }
  },
  {
    "model": "auth.permission",
    "pk": 36,
    "fields": {
      "name": "Can view customer",
      "content_type": 9,
      "codename": "view_customer"
    }
  },
  {
    "model": "auth.permission",
    "pk": 37,
    "fields": {
      "name": "Can add order",
      "content_type": 10,
      "codename": "add_order"
    }
  },
  {
    "model": "auth.permission",
    "pk": 38,
    "fields": {
      "name": "Can change order",
      "content_type": 10,
      "codename": "change_order"
    }
  },
  {
    "model": "auth.permission",
    "pk": 39,
    "fields": {
      "name": "Can delete order",
      "content_type": 10,
      "codename": "delete_order"
    }
  },
  {
    "model": "auth.permission",
    "pk": 40,
    "fields": {
      "name": "Can view order",
      "content_type": 10,
      "codename": "view_order"
    }
  },
  {
    "model": "auth.user",
    "pk": 1,
    "fields": {
      "password": "pbkdf2_sha256$216000$DcBio2HX2D86$B8NDPAI/DUtPPOf81Pq1S56z8ukKkCT/2VkNDZNBnTY=",
      "last_login": "2021-04-22T16:09:08Z",
      "is_superuser": true,
      "username": "tanushree7252@gmail.com",
      "first_name": "Tanushree",
      "last_name": "Sharma",
      "email": "tanushree7252@gmail.com",
      "is_staff": true,
      "is_active": true,
      "date_joined": "2021-04-22T16:08:37Z",
      "groups": [],
      "user_permissions": []
    }
  },
  {
    "model": "auth.user",
    "pk": 2,
    "fields": {
      "password": "pbkdf2_sha256$216000$G3O3pUqGTKJL$b6HFXNYZzL2CTLINd8lPRbWwXdnvQj4XTOrXgs7ZOIQ=",
      "last_login": "2021-06-21T16:42:54.236Z",
      "is_superuser": true,
      "username": "Tanushree",
      "first_name": "tanu",
      "last_name": "shree",
      "email": "tanushree7252@gmail.com",
      "is_staff": true,
      "is_active": true,
      "date_joined": "2021-04-23T17:13:22Z",
      "groups": [],
      "user_permissions": []
    }
  },
  {
    "model": "auth.user",
    "pk": 3,
    "fields": {
      "password": "pbkdf2_sha256$600000$JmpoyX6HcnbqywMHp6yXfW$L5UQxbjMl0vA/75LWLANPkapiPYCCvSDbiFuu9J5W48=",
      "last_login": "2023-05-05T11:23:11.841Z",
      "is_superuser": true,
      "username": "admin",
      "first_name": "",
      "last_name": "",
      "email": "",
      "is_staff": true,
      "is_active": true,
      "date_joined": "2023-05-05T11:15:55.349Z",
      "groups": [],
      "user_permissions": []
    }
  },
  {
    "model": "contenttypes.contenttype",
    "pk": 1,
    "fields": {
      "app_label": "admin",
      "model": "logentry"
    }
  },
  {
    "model": "contenttypes.contenttype",
    "pk": 2,
    "fields": {
      "app_label": "auth",
      "model": "permission"
    }
  },
  {
    "model": "contenttypes.contenttype",
    "pk": 3,
    "fields": {
      "app_label": "auth",
      "model": "group"
    }
  },
  {
    "model": "contenttypes.contenttype",
    "pk": 4,
    "fields": {
      "app_label": "auth",
      "model": "user"
    }
  },
  {
    "model": "contenttypes.contenttype",
    "pk": 5,
    "fields": {
      "app_label": "contenttypes",
      "model": "contenttype"
    }
  },
  {
    "model": "contenttypes.contenttype",
    "pk": 6,
    "fields": {
      "app_label": "sessions",
      "model": "session"
    }
  },
  {
    "model": "contenttypes.contenttype",
    "pk": 7,
    "fields": {
      "app_label": "store",
      "model": "products"
    }
  },
  {
    "model": "contenttypes.contenttype",
    "pk": 8,
    "fields": {
      "app_label": "store",
      "model": "category"
    }
  },
  {
    "model": "contenttypes.contenttype",
    "pk": 9,
    "fields": {
      "app_label": "store",
      "model": "customer"
    }
  },
  {
    "model": "contenttypes.contenttype",
    "pk": 10,
    "fields": {
      "app_label": "store",
      "model": "order"
    }
  },
  {
    "model": "sessions.session",
    "pk": "0aww57mc0anck0cupkyae80gamvw4ibd",
    "fields": {
      "session_data": ".eJxVjEsOhCAQBe_CekIQUcHl7D2Dabqb0flIArgy3n00ceP2Vb3aBEIqot_2hxhhLdO4Zk7jTKIXtbhtHvDDywnoDcsrSoxLSbOXpyIvmuUQib_Py70FJsjT8XZkHHFgdNQwsrch2KAsQwM1YesMotYqYNWZVnljDSqtyIAOXdU4x0cU11zij5Po3f4HmOVAdg:1puu3U:s6Xkt0_0P-Lk5rP47cbKXw1rAtmWhPGx2RveGZQozG0",
      "expire_date": "2023-05-19T11:56:56.613Z"
    }
  },
  {
    "model": "sessions.session",
    "pk": "28wop35rlmddj3wxmdbirrd6i4vgta6b",
    "fields": {
      "session_data": ".eJxVjEsOgzAMBe_idRXFxCTAsnvOgBw7KbQVSHxWiLu3SGzYvpl5OwjPKzT78YCOt7XvtiXN3aDQQAG3LbJ80ngCffP4moxM4zoP0ZyKuehi2knT93m5t4Oel_5fIyOx80mEsEAXNJaeLIVckfNOSWrPIYskqzVWGimjRWXHyZbWqcDxAxzvOy4:1lhFXd:R7tY3vcu5kPrKU_Fc-JUSs-E-iuw27ByBvIp3-zjBRY",
      "expire_date": "2021-05-27T17:54:33.436Z"
    }
  },
  {
    "model": "sessions.session",
    "pk": "eb2lprwkfvws8yarbo78n1btqc9e1sxb",
    "fields": {
      "session_data": "e30:1liFe9:orgNYuwPAc_2ml4JnhberHcAS-l-yg1I6004fuHQICM",
      "expire_date": "2021-05-30T12:13:25.399Z"
    }
  },
  {
    "model": "sessions.session",
    "pk": "n252efz44hgcnwsze91voshench4d2kv",
    "fields": {
      "session_data": "eyJjYXJ0Ijp7fX0:1lwI7f:w7iFbeWyDdYNdXFYrsKK_LX8SpxBCGiA-RzEskUbbVw",
      "expire_date": "2021-07-08T05:41:55.020Z"
    }
  },
  {
    "model": "sessions.session",
    "pk": "net3cc7sx2fty20fvtzvp4f9abj002op",
    "fields": {
      "session_data": "eyJjYXJ0Ijp7fX0:1lZxo7:4OF1lE9zgLM3Qzpr4gOrOFY19UHizjugPJaakcS6S68",
      "expire_date": "2021-05-07T15:33:27.605Z"
    }
  },
  {
    "model": "sessions.session",
    "pk": "uaug8ozrov6937ltnl54w80u3lwh4es8",
    "fields": {
      "session_data": "eyJjYXJ0Ijp7fX0:1lwHCN:0k6N6a22W_Rbw-Rc2lZE_cDrQXOhvOlh_wAQvfISmjA",
      "expire_date": "2021-07-08T04:42:43.542Z"
    }
  },
  {
    "model": "sessions.session",
    "pk": "ye5k59xkzi3f35al6qr44r40it3cx3ih",
    "fields": {
      "session_data": ".eJxVjDsOgzAQBe-ydWThxXa0lOlzBrQfE0gikDBUiLsnSDS0b2beBsrzAs2236DldenbteS5HQwa8HDZhPWTxwPYm8fX5HQal3kQdyjupMU9J8vfx-leDnou_b8OIcYKE1mdTKMQBtKUUS2QoGXMlbH5DpVilbxZ6u6RkJki1yImsP8AIvU7qg:1lZxcL:fsiGT0hBUFpcQVf7BXR3d0vpEFxEIdz_Wh5XBdL33N8",
      "expire_date": "2021-05-07T15:21:17.513Z"
    }
  },
  {
    "model": "store.category",
    "pk": 22,
    "fields": {
      "name": "Women-Clothing"
    }
  },
  {
    "model": "store.category",
    "pk": 23,
    "fields": {
      "name": "Men-Clothing"
    }
  },
  {
    "model": "store.category",
    "pk": 24,
    "fields": {
      "name": "Kids-Clothing"
    }
  },
  {
    "model": "store.category",
    "pk": 25,
    "fields": {
      "name": "Watches"
    }
  },
  {
    "model": "store.category",
    "pk": 26,
    "fields": {
      "name": "Shoes & Handbags"
    }
  },
  {
    "model": "store.category",
    "pk": 27,
    "fields": {
      "name": "Books"
    }
  },
  {
    "model": "store.category",
    "pk": 28,
    "fields": {
      "name": "Home & Kitchen"
    }
  },
  {
    "model": "store.category",
    "pk": 29,
    "fields": {
      "name": "Health & Personal Care"
    }
  },
  {
    "model": "store.category",
    "pk": 30,
    "fields": {
      "name": "Gifts"
    }
  },
  {
    "model": "store.products",
    "pk": 57,
    "fields": {
      "name": "knee-length Frock",
      "price": 699,
      "category": 22,
      "description": null,
      "image": "uploads/products/7_uhXCNAG.jpg"
    }
  },
  {
    "model": "store.products",
    "pk": 58,
    "fields": {
      "name": "Black watch",
      "price": 999,
      "category": 25,
      "description": null,
      "image": "uploads/products/41FVBFDQ-L._AC_SR320320__x8K742C.jpg"
    }
  },
  {
    "model": "store.products",
    "pk": 59,
    "fields": {
      "name": "kid red frock",
      "price": 399,
      "category": 24,
      "description": null,
      "image": "uploads/products/41Tm1uwMmOL._AC_SR320400__OccglUa.jpg"
    }
  },
  {
    "model": "store.products",
    "pk": 60,
    "fields": {
      "name": "Grey Tshirt",
      "price": 890,
      "category": 23,
      "description": null,
      "image": "uploads/products/41EgywqPk2L._AC_UL320_SR320320__8DZmwl9.jpg"
    }
  },
  {
    "model": "store.products",
    "pk": 61,
    "fields": {
      "name": "Backpack",
      "price": 890,
      "category": 26,
      "description": null,
      "image": "uploads/products/514wphzZk7S._AC__g84VeRW.jpg"
    }
  },
  {
    "model": "store.products",
    "pk": 62,
    "fields": {
      "name": "gown",
      "price": 990,
      "category": 22,
      "description": null,
      "image": "uploads/products/31ef1nDAdCL._AC_SR320400__wr00sC9.jpg"
    }
  },
  {
    "model": "store.products",
    "pk": 63,
    "fields": {
      "name": "Denim set",
      "price": 1090,
      "category": 24,
      "description": null,
      "image": "uploads/products/31WzloVVToL._AC_SR320400__JuFJdQA.jpg"
    }
  },
  {
    "model": "store.products",
    "pk": 64,
    "fields": {
      "name": "Multicolor frock",
      "price": 1999,
      "category": 22,
      "description": null,
      "image": "uploads/products/9_QebDpqi.jpg"
    }
  },
  {
    "model": "store.products",
    "pk": 65,
    "fields": {
      "name": "pink long gown",
      "price": 2999,
      "category": 22,
      "description": null,
      "image": "uploads/products/31adeoSK0CL._AC_SR320400__5kLvkHW.jpg"
    }
  },
  {
    "model": "store.products",
    "pk": 66,
    "fields": {
      "name": "dress",
      "price": 2990,
      "category": 24,
      "description": null,
      "image": "uploads/products/31-MSgaPUL._AC_SR320400__rdkZc7r.jpg"
    }
  },
  {
    "model": "store.products",
    "pk": 67,
    "fields": {
      "name": "Baby Frock",
      "price": 890,
      "category": 24,
      "description": null,
      "image": "uploads/products/41oABYsbrwL._AC_SR320400__ZinFYrU.jpg"
    }
  },
  {
    "model": "store.products",
    "pk": 68,
    "fields": {
      "name": "Linning Dress",
      "price": 990,
      "category": 22,
      "description": null,
      "image": "uploads/products/41LKI6hLTgL._AC_SR320400__nMd4hS7.jpg"
    }
  },
  {
    "model": "store.products",
    "pk": 69,
    "fields": {
      "name": "t-shirt",
      "price": 899,
      "category": 23,
      "description": null,
      "image": "uploads/products/41x1lqLMyL._AC_SR320400__chBwbdw.jpg"
    }
  },
  {
    "model": "store.products",
    "pk": 70,
    "fields": {
      "name": "Black-Yellow Tshirt",
      "price": 400,
      "category": 23,
      "description": null,
      "image": "uploads/products/51Lv37fiwTL._AC_UL320_SR320320__STeRZCq.jpg"
    }
  },
  {
    "model": "store.products",
    "pk": 71,
    "fields": {
      "name": "Black Shirt",
      "price": 399,
      "category": 23,
      "description": null,
      "image": "uploads/products/513Fy11CuzL._AC_SR320400__plK9q7T.jpg"
    }
  },
  {
    "model": "store.products",
    "pk": 72,
    "fields": {
      "name": "mini dress",
      "price": 800,
      "category": 22,
      "description": null,
      "image": "uploads/products/71RWWweifuL._AC_UL320_SR320320__xM95LKs.jpg"
    }
  },
  {
    "model": "store.products",
    "pk": 73,
    "fields": {
      "name": "Casio Analog",
      "price": 1000,
      "category": 25,
      "description": null,
      "image": "uploads/products/Casio._SS680_QL85__DskQXgr.jpg"
    }
  },
  {
    "model": "store.products",
    "pk": 74,
    "fields": {
      "name": "Combo watches",
      "price": 500,
      "category": 25,
      "description": null,
      "image": "uploads/products/DWW._SS400_QL85__FipkklG.jpg"
    }
  },
  {
    "model": "store.products",
    "pk": 75,
    "fields": {
      "name": "Denim Jacket",
      "price": 990,
      "category": 23,
      "description": null,
      "image": "uploads/products/Men_hy6fczR.jpg"
    }
  },
  {
    "model": "store.products",
    "pk": 76,
    "fields": {
      "name": "Combo watches",
      "price": 990,
      "category": 25,
      "description": null,
      "image": "uploads/products/CS._SS400_QL85__4YDUqRm.jpg"
    }
  },
  {
    "model": "store.products",
    "pk": 77,
    "fields": {
      "name": "navy blue tshirt",
      "price": 340,
      "category": 23,
      "description": null,
      "image": "uploads/products/4169ok3M3TL._AC_SR320400__RfvZIQJ.jpg"
    }
  },
  {
    "model": "store.products",
    "pk": 78,
    "fields": {
      "name": "Brown coloured dress",
      "price": 1900,
      "category": 22,
      "description": null,
      "image": "uploads/products/Women_LucapaK.jpg"
    }
  },
  {
    "model": "store.products",
    "pk": 79,
    "fields": {
      "name": "combo bags",
      "price": 1000,
      "category": 26,
      "description": null,
      "image": "uploads/products/41N5WVXzQAL._AC_SR320320__33G8TY3.jpg"
    }
  },
  {
    "model": "store.products",
    "pk": 80,
    "fields": {
      "name": "Black colored shoes",
      "price": 999,
      "category": 26,
      "description": null,
      "image": "uploads/products/61LctS6qp7L._AC_UL320_SR320320__CD33bqv.jpg"
    }
  },
  {
    "model": "store.products",
    "pk": 81,
    "fields": {
      "name": "Blue-grey shoes",
      "price": 780,
      "category": 26,
      "description": null,
      "image": "uploads/products/71yZ3oagv7L._AC_UL1500__I5TAIrZ.jpg"
    }
  },
  {
    "model": "store.products",
    "pk": 82,
    "fields": {
      "name": "Baby Boy Dress",
      "price": 1900,
      "category": 24,
      "description": null,
      "image": "uploads/products/41INKd7XG0L._AC_SR320400__zuSU4Gy.jpg"
    }
  },
  {
    "model": "store.products",
    "pk": 83,
    "fields": {
      "name": "Coding Games in Scratch",
      "price": 799,
      "category": 27,
      "description": null,
      "image": "uploads/products/51s9Bnhr1qL._AA210_.jpg"
    }
  },
  {
    "model": "store.products",
    "pk": 84,
    "fields": {
      "name": "Star Wars Myths & Fables",
      "price": 600,
      "category": 27,
      "description": null,
      "image": "uploads/products/51Ffcep58fL._AA210_.jpg"
    }
  },
  {
    "model": "store.products",
    "pk": 85,
    "fields": {
      "name": "5-Minute Racing Stories",
      "price": 469,
      "category": 27,
      "description": null,
      "image": "uploads/products/515rsnc7ErL._AA210_.jpg"
    }
  },
  {
    "model": "store.products",
    "pk": 86,
    "fields": {
      "name": "Chess For Dummies",
      "price": 588,
      "category": 27,
      "description": null,
      "image": "uploads/products/51O0U68M2jL._AA210_.jpg"
    }
  },
  {
    "model": "store.products",
    "pk": 87,
    "fields": {
      "name": "Don't Let the Pigeon Stay Up Late!",
      "price": 589,
      "category": 27,
      "description": null,
      "image": "uploads/products/51Y4cB32CoL._AA210_.jpg"
    }
  },
  {
    "model": "store.products",
    "pk": 88,
    "fields": {
      "name": "Water Balloons",
      "price": 499,
      "category": 30,
      "description": null,
      "image": "uploads/products/71tb7LKauOL._AC_UL320_.jpg"
    }
  },
  {
    "model": "store.products",
    "pk": 89,
    "fields": {
      "name": "Nightlight Lamp",
      "price": 390,
      "category": 30,
      "description": null,
      "image": "uploads/products/71wa56BxzTL._AC_UL320_.jpg"
    }
  },
  {
    "model": "store.products",
    "pk": 90,
    "fields": {
      "name": "Walkies Talkies",
      "price": 1990,
      "category": 30,
      "description": null,
      "image": "uploads/products/81JnxfkUYL._AC_UL320_.jpg"
    }
  },
  {
    "model": "store.products",
    "pk": 91,
    "fields": {
      "name": "Vaccinated for Covid 19 keychain",
      "price": 156,
      "category": 29,
      "description": null,
      "image": "uploads/products/91hr1ocmCL._AC_UL320_.jpg"
    }
  },
  {
    "model": "store.products",
    "pk": 92,
    "fields": {
      "name": "Disposable Masks",
      "price": 380,
      "category": 29,
      "description": null,
      "image": "uploads/products/81bmMsAwI-L._AC_UL320_.jpg"
    }
  },
  {
    "model": "store.products",
    "pk": 93,
    "fields": {
      "name": "Magnifying glass for reading",
      "price": 2890,
      "category": 29,
      "description": null,
      "image": "uploads/products/51DpM-TIAqS._AC_UL270_SR270270_.jpg"
    }
  },
  {
    "model": "store.products",
    "pk": 94,
    "fields": {
      "name": "Sole Designs Reusable Washable",
      "price": 290,
      "category": 29,
      "description": null,
      "image": "uploads/products/91rpxG-dO4L._AC_UL320_.jpg"
    }
  },
  {
    "model": "store.products",
    "pk": 95,
    "fields": {
      "name": "Bands",
      "price": 280,
      "category": 29,
      "description": null,
      "image": "uploads/products/61ZnXKOo5oL._AC_UL320_.jpg"
    }
  },
  {
    "model": "store.products",
    "pk": 96,
    "fields": {
      "name": "Colorful candles",
      "price": 599,
      "category": 28,
      "description": null,
      "image": "uploads/products/61MeA5qHIaL._AC_UL270_SR270270_.jpg"
    }
  },
  {
    "model": "store.products",
    "pk": 97,
    "fields": {
      "name": "Decors",
      "price": 590,
      "category": 28,
      "description": null,
      "image": "uploads/products/71ck3ge7PYL._AC_UL320_.jpg"
    }
  },
  {
    "model": "store.products",
    "pk": 98,
    "fields": {
      "name": "Stars",
      "price": 489,
      "category": 28,
      "description": null,
      "image": "uploads/products/71gEWtwaZbL._AC_UL320_.jpg"
    }
  },
  {
    "model": "store.products",
    "pk": 99,
    "fields": {
      "name": "Gift Mug",
      "price": 780,
      "category": 30,
      "description": null,
      "image": "uploads/products/61LbAmB0BZS._AC_UL100_SR100100_.jpg"
    }
  },
  {
    "model": "store.products",
    "pk": 100,
    "fields": {
      "name": "photo Frame",
      "price": 777,
      "category": 28,
      "description": null,
      "image": "uploads/products/71KlXoOsXzL._AC_UL320_.jpg"
    }
  },
  {
    "model": "store.products",
    "pk": 101,
    "fields": {
      "name": "Wall Mounted",
      "price": 478,
      "category": 28,
      "description": null,
      "image": "uploads/products/71k0ZI4IVL._AC_UL320_.jpg"
    }
  },
  {
    "model": "store.products",
    "pk": 102,
    "fields": {
      "name": "fancy owl",
      "price": 230,
      "category": 28,
      "description": null,
      "image": "uploads/products/81vPkrXgNzL._AC_UL320_.jpg"
    }
  },
  {
    "model": "store.products",
    "pk": 103,
    "fields": {
      "name": "WIND chime",
      "price": 590,
      "category": 28,
      "description": null,
      "image": "uploads/products/61GdQObXKbL._AC_UL320_.jpg"
    }
  },
  {
    "model": "store.products",
    "pk": 104,
    "fields": {
      "name": "Wall  Mounted",
      "price": 689,
      "category": 28,
      "description": null,
      "image": "uploads/products/61Huv14oWjS._AC_UL320_.jpg"
    }
  },
  {
    "model": "store.customer",
    "pk": 5,
    "fields": {
      "first_name": "Tanushree",
      "last_name": "Sharma",
      "phone": "+349743874",
      "email": "tanushree7252@gmail.com",
      "password": "pbkdf2_sha256$216000$RB7ATlbKb9Zf$7/w0/UKdoRdUV4/fOZuL5EN06n7l9Wan+r1Ad7jTUPE="
    }
  },
  {
    "model": "store.customer",
    "pk": 6,
    "fields": {
      "first_name": "geekfor",
      "last_name": "geek",
      "phone": "2379549475",
      "email": "geek123@gmail.com",
      "password": "pbkdf2_sha256$216000$STXuzmJYpT6H$hJixbM7AKBrHmZYYDxWGqJn6aIfwueBhSNbRCHyr+7E="
    }
  },
  {
    "model": "store.customer",
    "pk": 7,
    "fields": {
      "first_name": "Geeks",
      "last_name": "forgeeks",
      "phone": "2536472897",
      "email": "geek@gmail.com",
      "password": "pbkdf2_sha256$216000$BLBVbxxfPjlV$F4wAcTOMSb67JoQImXEOjXPDDgER08/EPze8RSDa7yk="
    }
  },
  {
    "model": "store.customer",
    "pk": 8,
    "fields": {
      "first_name": "Geeks",
      "last_name": "forgeeks",
      "phone": "2536472897",
      "email": "geek23@gmail.com",
      "password": "pbkdf2_sha256$216000$l4HiM3ZIFTn7$lQ3/ZvzwVpCa8nlt3jg76Rb29A1jG367vHKMZ9gkzjU="
    }
  },
  {
    "model": "store.customer",
    "pk": 9,
    "fields": {
      "first_name": "Jasur",
      "last_name": "Abdibayev",
      "phone": "+998991234567",
      "email": "jasur@gmail.com",
      "password": "pbkdf2_sha256$600000$TO6XEAh5jKI6T60kgPQE1r$+cfJ+F4q1YrDQK1Rt8vZJVO1lJHvLUqyqtgwe6orOvA="
    }
  },
  {
    "model": "store.order",
    "pk": 8,
    "fields": {
      "product": 72,
      "customer": 5,
      "quantity": 2,
      "price": 1090,
      "address": "Jahangirabad(BSR)",
      "phone": "+43434343434",
      "date": "2021-05-16",
      "status": false
    }
  },
  {
    "model": "store.order",
    "pk": 9,
    "fields": {
      "product": 64,
      "customer": 5,
      "quantity": 1,
      "price": 1999,
      "address": "Jahangirabad(BSR)",
      "phone": "9528381590",
      "date": "2021-05-16",
      "status": false
    }
  },
  {
    "model": "store.order",
    "pk": 10,
    "fields": {
      "product": 57,
      "customer": 5,
      "quantity": 3,
      "price": 699,
      "address": "Jahangirabad(BSR)",
      "phone": "+919528381590",
      "date": "2021-05-16",
      "status": false
    }
  },
  {
    "model": "store.order",
    "pk": 11,
    "fields": {
      "product": 72,
      "customer": 6,
      "quantity": 1,
      "price": 800,
      "address": "dehli",
      "phone": "232323233",
      "date": "2021-06-20",
      "status": true
    }
  },
  {
    "model": "store.order",
    "pk": 12,
    "fields": {
      "product": 75,
      "customer": 6,
      "quantity": 1,
      "price": 990,
      "address": "dehli",
      "phone": "232323233",
      "date": "2021-06-20",
      "status": true
    }
  },
  {
    "model": "store.order",
    "pk": 13,
    "fields": {
      "product": 79,
      "customer": 6,
      "quantity": 1,
      "price": 1000,
      "address": "dehli",
      "phone": "232323233",
      "date": "2021-06-20",
      "status": true
    }
  },
  {
    "model": "store.order",
    "pk": 14,
    "fields": {
      "product": 57,
      "customer": 6,
      "quantity": 7,
      "price": 699,
      "address": "mumbai",
      "phone": "232324324",
      "date": "2021-06-20",
      "status": true
    }
  },
  {
    "model": "store.order",
    "pk": 15,
    "fields": {
      "product": 78,
      "customer": 8,
      "quantity": 1,
      "price": 1900,
      "address": "Uttar Pradesh",
      "phone": "237459374",
      "date": "2021-06-21",
      "status": false
    }
  },
  {
    "model": "store.order",
    "pk": 16,
    "fields": {
      "product": 82,
      "customer": 8,
      "quantity": 1,
      "price": 1900,
      "address": "Uttar Pradesh",
      "phone": "237459374",
      "date": "2021-06-21",
      "status": false
    }
  },
  {
    "model": "store.order",
    "pk": 17,
    "fields": {
      "product": 85,
      "customer": 8,
      "quantity": 2,
      "price": 469,
      "address": "Uttar Pradesh",
      "phone": "237459374",
      "date": "2021-06-21",
      "status": false
    }
  },
  {
    "model": "store.order",
    "pk": 18,
    "fields": {
      "product": 103,
      "customer": 8,
      "quantity": 1,
      "price": 590,
      "address": "Uttar Pradesh",
      "phone": "237459374",
      "date": "2021-06-21",
      "status": true
    }
  },
  {
    "model": "store.order",
    "pk": 19,
    "fields": {
      "product": 57,
      "customer": 9,
      "quantity": 1,
      "price": 699,
      "address": "Toshkent",
      "phone": "+998991234567",
      "date": "2023-05-05",
      "status": false
    }
  },
  {
    "model": "store.order",
    "pk": 20,
    "fields": {
      "product": 79,
      "customer": 9,
      "quantity": 1,
      "price": 1000,
      "address": "Toshkent",
      "phone": "+998991234567",
      "date": "2023-05-05",
      "status": false
    }
  },
  {
    "model": "store.order",
    "pk": 21,
    "fields": {
      "product": 58,
      "customer": 9,
      "quantity": 2,
      "price": 999,
      "address": "Toshkent",
      "phone": "+998991234567",
      "date": "2023-05-05",
      "status": false
    }
  },
  {
    "model": "store.order",
    "pk": 22,
    "fields": {
      "product": 59,
      "customer": 9,
      "quantity": 1,
      "price": 399,
      "address": "Toshkent",
      "phone": "+998991234567",
      "date": "2023-05-05",
      "status": false
    }
  },
  {
    "model": "store.order",
    "pk": 23,
    "fields": {
      "product": 61,
      "customer": 9,
      "quantity": 1,
      "price": 890,
      "address": "Toshkent",
      "phone": "+998991234567",
      "date": "2023-05-05",
      "status": false
    }
  },
  {
    "model": "store.order",
    "pk": 24,
    "fields": {
      "product": 62,
      "customer": 9,
      "quantity": 2,
      "price": 990,
      "address": "Toshkent",
      "phone": "+998991234567",
      "date": "2023-05-05",
      "status": false
    }
  }
]